160	8	/tmp/scheduleurm_critical_gpu_completion/critical_gpu_completion_v7_node007_r01_20260803_hybrid_rl_resac_ant_p5_code2bd8999a5dc3/critical_gpu_completion_v7_node007_r01_20260803_hybrid_rl_resac_ant_p5_code2bd8999a5dc3_profile_5_per_gpu_gpu0_0/logs/train_reward_mean.npy
160	8	/tmp/scheduleurm_critical_gpu_completion/critical_gpu_completion_v7_node007_r01_20260803_hybrid_rl_resac_ant_p5_code2bd8999a5dc3/critical_gpu_completion_v7_node007_r01_20260803_hybrid_rl_resac_ant_p5_code2bd8999a5dc3_profile_5_per_gpu_gpu0_0/logs/train_reward_std.npy
192	8	/tmp/scheduleurm_critical_gpu_completion/critical_gpu_completion_v7_node007_r01_20260803_hybrid_rl_resac_ant_p5_code2bd8999a5dc3/critical_gpu_completion_v7_node007_r01_20260803_hybrid_rl_resac_ant_p5_code2bd8999a5dc3_profile_5_per_gpu_gpu0_0/logs/eval_reward.npy
192	8	/tmp/scheduleurm_critical_gpu_completion/critical_gpu_completion_v7_node007_r01_20260803_hybrid_rl_resac_ant_p5_code2bd8999a5dc3/critical_gpu_completion_v7_node007_r01_20260803_hybrid_rl_resac_ant_p5_code2bd8999a5dc3_profile_5_per_gpu_gpu0_0/logs/eval_reward_std.npy
448	8	/tmp/scheduleurm_critical_gpu_completion/critical_gpu_completion_v7_node007_r01_20260803_hybrid_rl_resac_ant_p5_code2bd8999a5dc3/critical_gpu_completion_v7_node007_r01_20260803_hybrid_rl_resac_ant_p5_code2bd8999a5dc3_profile_5_per_gpu_gpu0_0/logs/total_steps.npy
448	8	/tmp/scheduleurm_critical_gpu_completion/critical_gpu_completion_v7_node007_r01_20260803_hybrid_rl_resac_ant_p5_code2bd8999a5dc3/critical_gpu_completion_v7_node007_r01_20260803_hybrid_rl_resac_ant_p5_code2bd8999a5dc3_profile_5_per_gpu_gpu0_0/logs/iteration.npy
448	8	/tmp/scheduleurm_critical_gpu_completion/critical_gpu_completion_v7_node007_r01_20260803_hybrid_rl_resac_ant_p5_code2bd8999a5dc3/critical_gpu_completion_v7_node007_r01_20260803_hybrid_rl_resac_ant_p5_code2bd8999a5dc3_profile_5_per_gpu_gpu0_0/logs/mode_id.npy
432	8	/tmp/scheduleurm_critical_gpu_completion/critical_gpu_completion_v7_node007_r01_20260803_hybrid_rl_resac_ant_p5_code2bd8999a5dc3/critical_gpu_completion_v7_node007_r01_20260803_hybrid_rl_resac_ant_p5_code2bd8999a5dc3_profile_5_per_gpu_gpu0_0/logs/critic_loss.npy
432	8	/tmp/scheduleurm_critical_gpu_completion/critical_gpu_completion_v7_node007_r01_20260803_hybrid_rl_resac_ant_p5_code2bd8999a5dc3/critical_gpu_completion_v7_node007_r01_20260803_hybrid_rl_resac_ant_p5_code2bd8999a5dc3_profile_5_per_gpu_gpu0_0/logs/policy_loss.npy
432	8	/tmp/scheduleurm_critical_gpu_completion/critical_gpu_completion_v7_node007_r01_20260803_hybrid_rl_resac_ant_p5_code2bd8999a5dc3/critical_gpu_completion_v7_node007_r01_20260803_hybrid_rl_resac_ant_p5_code2bd8999a5dc3_profile_5_per_gpu_gpu0_0/logs/alpha.npy
432	8	/tmp/scheduleurm_critical_gpu_completion/critical_gpu_completion_v7_node007_r01_20260803_hybrid_rl_resac_ant_p5_code2bd8999a5dc3/critical_gpu_completion_v7_node007_r01_20260803_hybrid_rl_resac_ant_p5_code2bd8999a5dc3_profile_5_per_gpu_gpu0_0/logs/q_mean.npy
432	8	/tmp/scheduleurm_critical_gpu_completion/critical_gpu_completion_v7_node007_r01_20260803_hybrid_rl_resac_ant_p5_code2bd8999a5dc3/critical_gpu_completion_v7_node007_r01_20260803_hybrid_rl_resac_ant_p5_code2bd8999a5dc3_profile_5_per_gpu_gpu0_0/logs/q_std_mean.npy
432	8	/tmp/scheduleurm_critical_gpu_completion/critical_gpu_completion_v7_node007_r01_20260803_hybrid_rl_resac_ant_p5_code2bd8999a5dc3/critical_gpu_completion_v7_node007_r01_20260803_hybrid_rl_resac_ant_p5_code2bd8999a5dc3_profile_5_per_gpu_gpu0_0/logs/log_prob.npy
432	8	/tmp/scheduleurm_critical_gpu_completion/critical_gpu_completion_v7_node007_r01_20260803_hybrid_rl_resac_ant_p5_code2bd8999a5dc3/critical_gpu_completion_v7_node007_r01_20260803_hybrid_rl_resac_ant_p5_code2bd8999a5dc3_profile_5_per_gpu_gpu0_0/logs/beta_lcb.npy
24116414	47104	/tmp/scheduleurm_critical_gpu_completion/critical_gpu_completion_v7_node007_r01_20260803_hybrid_rl_resac_ant_p5_code2bd8999a5dc3/critical_gpu_completion_v7_node007_r01_20260803_hybrid_rl_resac_ant_p5_code2bd8999a5dc3_profile_5_per_gpu_gpu0_0/checkpoints/iter_0000019/params.pkl
18801741	36728	/tmp/scheduleurm_critical_gpu_completion/critical_gpu_completion_v7_node007_r01_20260803_hybrid_rl_resac_ant_p5_code2bd8999a5dc3/critical_gpu_completion_v7_node007_r01_20260803_hybrid_rl_resac_ant_p5_code2bd8999a5dc3_profile_5_per_gpu_gpu0_0/checkpoints/iter_0000019/replay_buffer.npz
1714	8	/tmp/scheduleurm_critical_gpu_completion/critical_gpu_completion_v7_node007_r01_20260803_hybrid_rl_resac_ant_p5_code2bd8999a5dc3/critical_gpu_completion_v7_node007_r01_20260803_hybrid_rl_resac_ant_p5_code2bd8999a5dc3_profile_5_per_gpu_gpu0_0/checkpoints/iter_0000019/train_state.pkl
52	8	/tmp/scheduleurm_critical_gpu_completion/critical_gpu_completion_v7_node007_r01_20260803_hybrid_rl_resac_ant_p5_code2bd8999a5dc3/critical_gpu_completion_v7_node007_r01_20260803_hybrid_rl_resac_ant_p5_code2bd8999a5dc3_profile_5_per_gpu_gpu0_0/checkpoints/latest_checkpoint.pkl
24116450	47104	/tmp/scheduleurm_critical_gpu_completion/critical_gpu_completion_v7_node007_r01_20260803_hybrid_rl_resac_ant_p5_code2bd8999a5dc3/critical_gpu_completion_v7_node007_r01_20260803_hybrid_rl_resac_ant_p5_code2bd8999a5dc3_profile_5_per_gpu_gpu0_0/checkpoints/iter_0000039/params.pkl
37572017	73384	/tmp/scheduleurm_critical_gpu_completion/critical_gpu_completion_v7_node007_r01_20260803_hybrid_rl_resac_ant_p5_code2bd8999a5dc3/critical_gpu_completion_v7_node007_r01_20260803_hybrid_rl_resac_ant_p5_code2bd8999a5dc3_profile_5_per_gpu_gpu0_0/checkpoints/iter_0000039/replay_buffer.npz
3226	8	/tmp/scheduleurm_critical_gpu_completion/critical_gpu_completion_v7_node007_r01_20260803_hybrid_rl_resac_ant_p5_code2bd8999a5dc3/critical_gpu_completion_v7_node007_r01_20260803_hybrid_rl_resac_ant_p5_code2bd8999a5dc3_profile_5_per_gpu_gpu0_0/checkpoints/iter_0000039/train_state.pkl
160	8	/tmp/scheduleurm_critical_gpu_completion/critical_gpu_completion_v7_node007_r01_20260803_hybrid_rl_resac_ant_p5_code2bd8999a5dc3/critical_gpu_completion_v7_node007_r01_20260803_hybrid_rl_resac_ant_p5_code2bd8999a5dc3_profile_5_per_gpu_gpu0_1/logs/train_reward_mean.npy
160	8	/tmp/scheduleurm_critical_gpu_completion/critical_gpu_completion_v7_node007_r01_20260803_hybrid_rl_resac_ant_p5_code2bd8999a5dc3/critical_gpu_completion_v7_node007_r01_20260803_hybrid_rl_resac_ant_p5_code2bd8999a5dc3_profile_5_per_gpu_gpu0_1/logs/train_reward_std.npy
192	8	/tmp/scheduleurm_critical_gpu_completion/critical_gpu_completion_v7_node007_r01_20260803_hybrid_rl_resac_ant_p5_code2bd8999a5dc3/critical_gpu_completion_v7_node007_r01_20260803_hybrid_rl_resac_ant_p5_code2bd8999a5dc3_profile_5_per_gpu_gpu0_1/logs/eval_reward.npy
192	8	/tmp/scheduleurm_critical_gpu_completion/critical_gpu_completion_v7_node007_r01_20260803_hybrid_rl_resac_ant_p5_code2bd8999a5dc3/critical_gpu_completion_v7_node007_r01_20260803_hybrid_rl_resac_ant_p5_code2bd8999a5dc3_profile_5_per_gpu_gpu0_1/logs/eval_reward_std.npy
448	8	/tmp/scheduleurm_critical_gpu_completion/critical_gpu_completion_v7_node007_r01_20260803_hybrid_rl_resac_ant_p5_code2bd8999a5dc3/critical_gpu_completion_v7_node007_r01_20260803_hybrid_rl_resac_ant_p5_code2bd8999a5dc3_profile_5_per_gpu_gpu0_1/logs/total_steps.npy
448	8	/tmp/scheduleurm_critical_gpu_completion/critical_gpu_completion_v7_node007_r01_20260803_hybrid_rl_resac_ant_p5_code2bd8999a5dc3/critical_gpu_completion_v7_node007_r01_20260803_hybrid_rl_resac_ant_p5_code2bd8999a5dc3_profile_5_per_gpu_gpu0_1/logs/iteration.npy
448	8	/tmp/scheduleurm_critical_gpu_completion/critical_gpu_completion_v7_node007_r01_20260803_hybrid_rl_resac_ant_p5_code2bd8999a5dc3/critical_gpu_completion_v7_node007_r01_20260803_hybrid_rl_resac_ant_p5_code2bd8999a5dc3_profile_5_per_gpu_gpu0_1/logs/mode_id.npy
432	8	/tmp/scheduleurm_critical_gpu_completion/critical_gpu_completion_v7_node007_r01_20260803_hybrid_rl_resac_ant_p5_code2bd8999a5dc3/critical_gpu_completion_v7_node007_r01_20260803_hybrid_rl_resac_ant_p5_code2bd8999a5dc3_profile_5_per_gpu_gpu0_1/logs/critic_loss.npy
432	8	/tmp/scheduleurm_critical_gpu_completion/critical_gpu_completion_v7_node007_r01_20260803_hybrid_rl_resac_ant_p5_code2bd8999a5dc3/critical_gpu_completion_v7_node007_r01_20260803_hybrid_rl_resac_ant_p5_code2bd8999a5dc3_profile_5_per_gpu_gpu0_1/logs/policy_loss.npy
432	8	/tmp/scheduleurm_critical_gpu_completion/critical_gpu_completion_v7_node007_r01_20260803_hybrid_rl_resac_ant_p5_code2bd8999a5dc3/critical_gpu_completion_v7_node007_r01_20260803_hybrid_rl_resac_ant_p5_code2bd8999a5dc3_profile_5_per_gpu_gpu0_1/logs/alpha.npy
432	8	/tmp/scheduleurm_critical_gpu_completion/critical_gpu_completion_v7_node007_r01_20260803_hybrid_rl_resac_ant_p5_code2bd8999a5dc3/critical_gpu_completion_v7_node007_r01_20260803_hybrid_rl_resac_ant_p5_code2bd8999a5dc3_profile_5_per_gpu_gpu0_1/logs/q_mean.npy
432	8	/tmp/scheduleurm_critical_gpu_completion/critical_gpu_completion_v7_node007_r01_20260803_hybrid_rl_resac_ant_p5_code2bd8999a5dc3/critical_gpu_completion_v7_node007_r01_20260803_hybrid_rl_resac_ant_p5_code2bd8999a5dc3_profile_5_per_gpu_gpu0_1/logs/q_std_mean.npy
432	8	/tmp/scheduleurm_critical_gpu_completion/critical_gpu_completion_v7_node007_r01_20260803_hybrid_rl_resac_ant_p5_code2bd8999a5dc3/critical_gpu_completion_v7_node007_r01_20260803_hybrid_rl_resac_ant_p5_code2bd8999a5dc3_profile_5_per_gpu_gpu0_1/logs/log_prob.npy
432	8	/tmp/scheduleurm_critical_gpu_completion/critical_gpu_completion_v7_node007_r01_20260803_hybrid_rl_resac_ant_p5_code2bd8999a5dc3/critical_gpu_completion_v7_node007_r01_20260803_hybrid_rl_resac_ant_p5_code2bd8999a5dc3_profile_5_per_gpu_gpu0_1/logs/beta_lcb.npy
24116414	47104	/tmp/scheduleurm_critical_gpu_completion/critical_gpu_completion_v7_node007_r01_20260803_hybrid_rl_resac_ant_p5_code2bd8999a5dc3/critical_gpu_completion_v7_node007_r01_20260803_hybrid_rl_resac_ant_p5_code2bd8999a5dc3_profile_5_per_gpu_gpu0_1/checkpoints/iter_0000019/params.pkl
18804764	36736	/tmp/scheduleurm_critical_gpu_completion/critical_gpu_completion_v7_node007_r01_20260803_hybrid_rl_resac_ant_p5_code2bd8999a5dc3/critical_gpu_completion_v7_node007_r01_20260803_hybrid_rl_resac_ant_p5_code2bd8999a5dc3_profile_5_per_gpu_gpu0_1/checkpoints/iter_0000019/replay_buffer.npz
1714	8	/tmp/scheduleurm_critical_gpu_completion/critical_gpu_completion_v7_node007_r01_20260803_hybrid_rl_resac_ant_p5_code2bd8999a5dc3/critical_gpu_completion_v7_node007_r01_20260803_hybrid_rl_resac_ant_p5_code2bd8999a5dc3_profile_5_per_gpu_gpu0_1/checkpoints/iter_0000019/train_state.pkl
52	8	/tmp/scheduleurm_critical_gpu_completion/critical_gpu_completion_v7_node007_r01_20260803_hybrid_rl_resac_ant_p5_code2bd8999a5dc3/critical_gpu_completion_v7_node007_r01_20260803_hybrid_rl_resac_ant_p5_code2bd8999a5dc3_profile_5_per_gpu_gpu0_1/checkpoints/latest_checkpoint.pkl
24116450	47104	/tmp/scheduleurm_critical_gpu_completion/critical_gpu_completion_v7_node007_r01_20260803_hybrid_rl_resac_ant_p5_code2bd8999a5dc3/critical_gpu_completion_v7_node007_r01_20260803_hybrid_rl_resac_ant_p5_code2bd8999a5dc3_profile_5_per_gpu_gpu0_1/checkpoints/iter_0000039/params.pkl
37592532	73424	/tmp/scheduleurm_critical_gpu_completion/critical_gpu_completion_v7_node007_r01_20260803_hybrid_rl_resac_ant_p5_code2bd8999a5dc3/critical_gpu_completion_v7_node007_r01_20260803_hybrid_rl_resac_ant_p5_code2bd8999a5dc3_profile_5_per_gpu_gpu0_1/checkpoints/iter_0000039/replay_buffer.npz
3226	8	/tmp/scheduleurm_critical_gpu_completion/critical_gpu_completion_v7_node007_r01_20260803_hybrid_rl_resac_ant_p5_code2bd8999a5dc3/critical_gpu_completion_v7_node007_r01_20260803_hybrid_rl_resac_ant_p5_code2bd8999a5dc3_profile_5_per_gpu_gpu0_1/checkpoints/iter_0000039/train_state.pkl
192	8	/tmp/scheduleurm_critical_gpu_completion/critical_gpu_completion_v7_node007_r01_20260803_hybrid_rl_resac_ant_p5_code2bd8999a5dc3/critical_gpu_completion_v7_node007_r01_20260803_hybrid_rl_resac_ant_p5_code2bd8999a5dc3_profile_5_per_gpu_gpu0_2/logs/eval_reward.npy
192	8	/tmp/scheduleurm_critical_gpu_completion/critical_gpu_completion_v7_node007_r01_20260803_hybrid_rl_resac_ant_p5_code2bd8999a5dc3/critical_gpu_completion_v7_node007_r01_20260803_hybrid_rl_resac_ant_p5_code2bd8999a5dc3_profile_5_per_gpu_gpu0_2/logs/eval_reward_std.npy
448	8	/tmp/scheduleurm_critical_gpu_completion/critical_gpu_completion_v7_node007_r01_20260803_hybrid_rl_resac_ant_p5_code2bd8999a5dc3/critical_gpu_completion_v7_node007_r01_20260803_hybrid_rl_resac_ant_p5_code2bd8999a5dc3_profile_5_per_gpu_gpu0_2/logs/total_steps.npy
448	8	/tmp/scheduleurm_critical_gpu_completion/critical_gpu_completion_v7_node007_r01_20260803_hybrid_rl_resac_ant_p5_code2bd8999a5dc3/critical_gpu_completion_v7_node007_r01_20260803_hybrid_rl_resac_ant_p5_code2bd8999a5dc3_profile_5_per_gpu_gpu0_2/logs/iteration.npy
448	8	/tmp/scheduleurm_critical_gpu_completion/critical_gpu_completion_v7_node007_r01_20260803_hybrid_rl_resac_ant_p5_code2bd8999a5dc3/critical_gpu_completion_v7_node007_r01_20260803_hybrid_rl_resac_ant_p5_code2bd8999a5dc3_profile_5_per_gpu_gpu0_2/logs/mode_id.npy
144	8	/tmp/scheduleurm_critical_gpu_completion/critical_gpu_completion_v7_node007_r01_20260803_hybrid_rl_resac_ant_p5_code2bd8999a5dc3/critical_gpu_completion_v7_node007_r01_20260803_hybrid_rl_resac_ant_p5_code2bd8999a5dc3_profile_5_per_gpu_gpu0_2/logs/train_reward_mean.npy
144	8	/tmp/scheduleurm_critical_gpu_completion/critical_gpu_completion_v7_node007_r01_20260803_hybrid_rl_resac_ant_p5_code2bd8999a5dc3/critical_gpu_completion_v7_node007_r01_20260803_hybrid_rl_resac_ant_p5_code2bd8999a5dc3_profile_5_per_gpu_gpu0_2/logs/train_reward_std.npy
432	8	/tmp/scheduleurm_critical_gpu_completion/critical_gpu_completion_v7_node007_r01_20260803_hybrid_rl_resac_ant_p5_code2bd8999a5dc3/critical_gpu_completion_v7_node007_r01_20260803_hybrid_rl_resac_ant_p5_code2bd8999a5dc3_profile_5_per_gpu_gpu0_2/logs/critic_loss.npy
432	8	/tmp/scheduleurm_critical_gpu_completion/critical_gpu_completion_v7_node007_r01_20260803_hybrid_rl_resac_ant_p5_code2bd8999a5dc3/critical_gpu_completion_v7_node007_r01_20260803_hybrid_rl_resac_ant_p5_code2bd8999a5dc3_profile_5_per_gpu_gpu0_2/logs/policy_loss.npy
432	8	/tmp/scheduleurm_critical_gpu_completion/critical_gpu_completion_v7_node007_r01_20260803_hybrid_rl_resac_ant_p5_code2bd8999a5dc3/critical_gpu_completion_v7_node007_r01_20260803_hybrid_rl_resac_ant_p5_code2bd8999a5dc3_profile_5_per_gpu_gpu0_2/logs/alpha.npy
432	8	/tmp/scheduleurm_critical_gpu_completion/critical_gpu_completion_v7_node007_r01_20260803_hybrid_rl_resac_ant_p5_code2bd8999a5dc3/critical_gpu_completion_v7_node007_r01_20260803_hybrid_rl_resac_ant_p5_code2bd8999a5dc3_profile_5_per_gpu_gpu0_2/logs/q_mean.npy
432	8	/tmp/scheduleurm_critical_gpu_completion/critical_gpu_completion_v7_node007_r01_20260803_hybrid_rl_resac_ant_p5_code2bd8999a5dc3/critical_gpu_completion_v7_node007_r01_20260803_hybrid_rl_resac_ant_p5_code2bd8999a5dc3_profile_5_per_gpu_gpu0_2/logs/q_std_mean.npy
432	8	/tmp/scheduleurm_critical_gpu_completion/critical_gpu_completion_v7_node007_r01_20260803_hybrid_rl_resac_ant_p5_code2bd8999a5dc3/critical_gpu_completion_v7_node007_r01_20260803_hybrid_rl_resac_ant_p5_code2bd8999a5dc3_profile_5_per_gpu_gpu0_2/logs/log_prob.npy
432	8	/tmp/scheduleurm_critical_gpu_completion/critical_gpu_completion_v7_node007_r01_20260803_hybrid_rl_resac_ant_p5_code2bd8999a5dc3/critical_gpu_completion_v7_node007_r01_20260803_hybrid_rl_resac_ant_p5_code2bd8999a5dc3_profile_5_per_gpu_gpu0_2/logs/beta_lcb.npy
24116414	47104	/tmp/scheduleurm_critical_gpu_completion/critical_gpu_completion_v7_node007_r01_20260803_hybrid_rl_resac_ant_p5_code2bd8999a5dc3/critical_gpu_completion_v7_node007_r01_20260803_hybrid_rl_resac_ant_p5_code2bd8999a5dc3_profile_5_per_gpu_gpu0_2/checkpoints/iter_0000019/params.pkl
18791942	36704	/tmp/scheduleurm_critical_gpu_completion/critical_gpu_completion_v7_node007_r01_20260803_hybrid_rl_resac_ant_p5_code2bd8999a5dc3/critical_gpu_completion_v7_node007_r01_20260803_hybrid_rl_resac_ant_p5_code2bd8999a5dc3_profile_5_per_gpu_gpu0_2/checkpoints/iter_0000019/replay_buffer.npz
1678	8	/tmp/scheduleurm_critical_gpu_completion/critical_gpu_completion_v7_node007_r01_20260803_hybrid_rl_resac_ant_p5_code2bd8999a5dc3/critical_gpu_completion_v7_node007_r01_20260803_hybrid_rl_resac_ant_p5_code2bd8999a5dc3_profile_5_per_gpu_gpu0_2/checkpoints/iter_0000019/train_state.pkl
52	8	/tmp/scheduleurm_critical_gpu_completion/critical_gpu_completion_v7_node007_r01_20260803_hybrid_rl_resac_ant_p5_code2bd8999a5dc3/critical_gpu_completion_v7_node007_r01_20260803_hybrid_rl_resac_ant_p5_code2bd8999a5dc3_profile_5_per_gpu_gpu0_2/checkpoints/latest_checkpoint.pkl
24116450	47104	/tmp/scheduleurm_critical_gpu_completion/critical_gpu_completion_v7_node007_r01_20260803_hybrid_rl_resac_ant_p5_code2bd8999a5dc3/critical_gpu_completion_v7_node007_r01_20260803_hybrid_rl_resac_ant_p5_code2bd8999a5dc3_profile_5_per_gpu_gpu0_2/checkpoints/iter_0000039/params.pkl
37567135	73376	/tmp/scheduleurm_critical_gpu_completion/critical_gpu_completion_v7_node007_r01_20260803_hybrid_rl_resac_ant_p5_code2bd8999a5dc3/critical_gpu_completion_v7_node007_r01_20260803_hybrid_rl_resac_ant_p5_code2bd8999a5dc3_profile_5_per_gpu_gpu0_2/checkpoints/iter_0000039/replay_buffer.npz
3190	8	/tmp/scheduleurm_critical_gpu_completion/critical_gpu_completion_v7_node007_r01_20260803_hybrid_rl_resac_ant_p5_code2bd8999a5dc3/critical_gpu_completion_v7_node007_r01_20260803_hybrid_rl_resac_ant_p5_code2bd8999a5dc3_profile_5_per_gpu_gpu0_2/checkpoints/iter_0000039/train_state.pkl
160	8	/tmp/scheduleurm_critical_gpu_completion/critical_gpu_completion_v7_node007_r01_20260803_hybrid_rl_resac_ant_p5_code2bd8999a5dc3/critical_gpu_completion_v7_node007_r01_20260803_hybrid_rl_resac_ant_p5_code2bd8999a5dc3_profile_5_per_gpu_gpu0_3/logs/train_reward_mean.npy
160	8	/tmp/scheduleurm_critical_gpu_completion/critical_gpu_completion_v7_node007_r01_20260803_hybrid_rl_resac_ant_p5_code2bd8999a5dc3/critical_gpu_completion_v7_node007_r01_20260803_hybrid_rl_resac_ant_p5_code2bd8999a5dc3_profile_5_per_gpu_gpu0_3/logs/train_reward_std.npy
192	8	/tmp/scheduleurm_critical_gpu_completion/critical_gpu_completion_v7_node007_r01_20260803_hybrid_rl_resac_ant_p5_code2bd8999a5dc3/critical_gpu_completion_v7_node007_r01_20260803_hybrid_rl_resac_ant_p5_code2bd8999a5dc3_profile_5_per_gpu_gpu0_3/logs/eval_reward.npy
192	8	/tmp/scheduleurm_critical_gpu_completion/critical_gpu_completion_v7_node007_r01_20260803_hybrid_rl_resac_ant_p5_code2bd8999a5dc3/critical_gpu_completion_v7_node007_r01_20260803_hybrid_rl_resac_ant_p5_code2bd8999a5dc3_profile_5_per_gpu_gpu0_3/logs/eval_reward_std.npy
448	8	/tmp/scheduleurm_critical_gpu_completion/critical_gpu_completion_v7_node007_r01_20260803_hybrid_rl_resac_ant_p5_code2bd8999a5dc3/critical_gpu_completion_v7_node007_r01_20260803_hybrid_rl_resac_ant_p5_code2bd8999a5dc3_profile_5_per_gpu_gpu0_3/logs/total_steps.npy
448	8	/tmp/scheduleurm_critical_gpu_completion/critical_gpu_completion_v7_node007_r01_20260803_hybrid_rl_resac_ant_p5_code2bd8999a5dc3/critical_gpu_completion_v7_node007_r01_20260803_hybrid_rl_resac_ant_p5_code2bd8999a5dc3_profile_5_per_gpu_gpu0_3/logs/iteration.npy
448	8	/tmp/scheduleurm_critical_gpu_completion/critical_gpu_completion_v7_node007_r01_20260803_hybrid_rl_resac_ant_p5_code2bd8999a5dc3/critical_gpu_completion_v7_node007_r01_20260803_hybrid_rl_resac_ant_p5_code2bd8999a5dc3_profile_5_per_gpu_gpu0_3/logs/mode_id.npy
432	8	/tmp/scheduleurm_critical_gpu_completion/critical_gpu_completion_v7_node007_r01_20260803_hybrid_rl_resac_ant_p5_code2bd8999a5dc3/critical_gpu_completion_v7_node007_r01_20260803_hybrid_rl_resac_ant_p5_code2bd8999a5dc3_profile_5_per_gpu_gpu0_3/logs/critic_loss.npy
432	8	/tmp/scheduleurm_critical_gpu_completion/critical_gpu_completion_v7_node007_r01_20260803_hybrid_rl_resac_ant_p5_code2bd8999a5dc3/critical_gpu_completion_v7_node007_r01_20260803_hybrid_rl_resac_ant_p5_code2bd8999a5dc3_profile_5_per_gpu_gpu0_3/logs/policy_loss.npy
432	8	/tmp/scheduleurm_critical_gpu_completion/critical_gpu_completion_v7_node007_r01_20260803_hybrid_rl_resac_ant_p5_code2bd8999a5dc3/critical_gpu_completion_v7_node007_r01_20260803_hybrid_rl_resac_ant_p5_code2bd8999a5dc3_profile_5_per_gpu_gpu0_3/logs/alpha.npy
432	8	/tmp/scheduleurm_critical_gpu_completion/critical_gpu_completion_v7_node007_r01_20260803_hybrid_rl_resac_ant_p5_code2bd8999a5dc3/critical_gpu_completion_v7_node007_r01_20260803_hybrid_rl_resac_ant_p5_code2bd8999a5dc3_profile_5_per_gpu_gpu0_3/logs/q_mean.npy
432	8	/tmp/scheduleurm_critical_gpu_completion/critical_gpu_completion_v7_node007_r01_20260803_hybrid_rl_resac_ant_p5_code2bd8999a5dc3/critical_gpu_completion_v7_node007_r01_20260803_hybrid_rl_resac_ant_p5_code2bd8999a5dc3_profile_5_per_gpu_gpu0_3/logs/q_std_mean.npy
432	8	/tmp/scheduleurm_critical_gpu_completion/critical_gpu_completion_v7_node007_r01_20260803_hybrid_rl_resac_ant_p5_code2bd8999a5dc3/critical_gpu_completion_v7_node007_r01_20260803_hybrid_rl_resac_ant_p5_code2bd8999a5dc3_profile_5_per_gpu_gpu0_3/logs/log_prob.npy
432	8	/tmp/scheduleurm_critical_gpu_completion/critical_gpu_completion_v7_node007_r01_20260803_hybrid_rl_resac_ant_p5_code2bd8999a5dc3/critical_gpu_completion_v7_node007_r01_20260803_hybrid_rl_resac_ant_p5_code2bd8999a5dc3_profile_5_per_gpu_gpu0_3/logs/beta_lcb.npy
24116414	47104	/tmp/scheduleurm_critical_gpu_completion/critical_gpu_completion_v7_node007_r01_20260803_hybrid_rl_resac_ant_p5_code2bd8999a5dc3/critical_gpu_completion_v7_node007_r01_20260803_hybrid_rl_resac_ant_p5_code2bd8999a5dc3_profile_5_per_gpu_gpu0_3/checkpoints/iter_0000019/params.pkl
18794353	36712	/tmp/scheduleurm_critical_gpu_completion/critical_gpu_completion_v7_node007_r01_20260803_hybrid_rl_resac_ant_p5_code2bd8999a5dc3/critical_gpu_completion_v7_node007_r01_20260803_hybrid_rl_resac_ant_p5_code2bd8999a5dc3_profile_5_per_gpu_gpu0_3/checkpoints/iter_0000019/replay_buffer.npz
1714	8	/tmp/scheduleurm_critical_gpu_completion/critical_gpu_completion_v7_node007_r01_20260803_hybrid_rl_resac_ant_p5_code2bd8999a5dc3/critical_gpu_completion_v7_node007_r01_20260803_hybrid_rl_resac_ant_p5_code2bd8999a5dc3_profile_5_per_gpu_gpu0_3/checkpoints/iter_0000019/train_state.pkl
52	8	/tmp/scheduleurm_critical_gpu_completion/critical_gpu_completion_v7_node007_r01_20260803_hybrid_rl_resac_ant_p5_code2bd8999a5dc3/critical_gpu_completion_v7_node007_r01_20260803_hybrid_rl_resac_ant_p5_code2bd8999a5dc3_profile_5_per_gpu_gpu0_3/checkpoints/latest_checkpoint.pkl
24116450	47104	/tmp/scheduleurm_critical_gpu_completion/critical_gpu_completion_v7_node007_r01_20260803_hybrid_rl_resac_ant_p5_code2bd8999a5dc3/critical_gpu_completion_v7_node007_r01_20260803_hybrid_rl_resac_ant_p5_code2bd8999a5dc3_profile_5_per_gpu_gpu0_3/checkpoints/iter_0000039/params.pkl
37570936	73384	/tmp/scheduleurm_critical_gpu_completion/critical_gpu_completion_v7_node007_r01_20260803_hybrid_rl_resac_ant_p5_code2bd8999a5dc3/critical_gpu_completion_v7_node007_r01_20260803_hybrid_rl_resac_ant_p5_code2bd8999a5dc3_profile_5_per_gpu_gpu0_3/checkpoints/iter_0000039/replay_buffer.npz
3226	8	/tmp/scheduleurm_critical_gpu_completion/critical_gpu_completion_v7_node007_r01_20260803_hybrid_rl_resac_ant_p5_code2bd8999a5dc3/critical_gpu_completion_v7_node007_r01_20260803_hybrid_rl_resac_ant_p5_code2bd8999a5dc3_profile_5_per_gpu_gpu0_3/checkpoints/iter_0000039/train_state.pkl
160	8	/tmp/scheduleurm_critical_gpu_completion/critical_gpu_completion_v7_node007_r01_20260803_hybrid_rl_resac_ant_p5_code2bd8999a5dc3/critical_gpu_completion_v7_node007_r01_20260803_hybrid_rl_resac_ant_p5_code2bd8999a5dc3_profile_5_per_gpu_gpu0_4/logs/train_reward_mean.npy
160	8	/tmp/scheduleurm_critical_gpu_completion/critical_gpu_completion_v7_node007_r01_20260803_hybrid_rl_resac_ant_p5_code2bd8999a5dc3/critical_gpu_completion_v7_node007_r01_20260803_hybrid_rl_resac_ant_p5_code2bd8999a5dc3_profile_5_per_gpu_gpu0_4/logs/train_reward_std.npy
192	8	/tmp/scheduleurm_critical_gpu_completion/critical_gpu_completion_v7_node007_r01_20260803_hybrid_rl_resac_ant_p5_code2bd8999a5dc3/critical_gpu_completion_v7_node007_r01_20260803_hybrid_rl_resac_ant_p5_code2bd8999a5dc3_profile_5_per_gpu_gpu0_4/logs/eval_reward.npy
192	8	/tmp/scheduleurm_critical_gpu_completion/critical_gpu_completion_v7_node007_r01_20260803_hybrid_rl_resac_ant_p5_code2bd8999a5dc3/critical_gpu_completion_v7_node007_r01_20260803_hybrid_rl_resac_ant_p5_code2bd8999a5dc3_profile_5_per_gpu_gpu0_4/logs/eval_reward_std.npy
448	8	/tmp/scheduleurm_critical_gpu_completion/critical_gpu_completion_v7_node007_r01_20260803_hybrid_rl_resac_ant_p5_code2bd8999a5dc3/critical_gpu_completion_v7_node007_r01_20260803_hybrid_rl_resac_ant_p5_code2bd8999a5dc3_profile_5_per_gpu_gpu0_4/logs/total_steps.npy
448	8	/tmp/scheduleurm_critical_gpu_completion/critical_gpu_completion_v7_node007_r01_20260803_hybrid_rl_resac_ant_p5_code2bd8999a5dc3/critical_gpu_completion_v7_node007_r01_20260803_hybrid_rl_resac_ant_p5_code2bd8999a5dc3_profile_5_per_gpu_gpu0_4/logs/iteration.npy
448	8	/tmp/scheduleurm_critical_gpu_completion/critical_gpu_completion_v7_node007_r01_20260803_hybrid_rl_resac_ant_p5_code2bd8999a5dc3/critical_gpu_completion_v7_node007_r01_20260803_hybrid_rl_resac_ant_p5_code2bd8999a5dc3_profile_5_per_gpu_gpu0_4/logs/mode_id.npy
432	8	/tmp/scheduleurm_critical_gpu_completion/critical_gpu_completion_v7_node007_r01_20260803_hybrid_rl_resac_ant_p5_code2bd8999a5dc3/critical_gpu_completion_v7_node007_r01_20260803_hybrid_rl_resac_ant_p5_code2bd8999a5dc3_profile_5_per_gpu_gpu0_4/logs/critic_loss.npy
432	8	/tmp/scheduleurm_critical_gpu_completion/critical_gpu_completion_v7_node007_r01_20260803_hybrid_rl_resac_ant_p5_code2bd8999a5dc3/critical_gpu_completion_v7_node007_r01_20260803_hybrid_rl_resac_ant_p5_code2bd8999a5dc3_profile_5_per_gpu_gpu0_4/logs/policy_loss.npy
432	8	/tmp/scheduleurm_critical_gpu_completion/critical_gpu_completion_v7_node007_r01_20260803_hybrid_rl_resac_ant_p5_code2bd8999a5dc3/critical_gpu_completion_v7_node007_r01_20260803_hybrid_rl_resac_ant_p5_code2bd8999a5dc3_profile_5_per_gpu_gpu0_4/logs/alpha.npy
432	8	/tmp/scheduleurm_critical_gpu_completion/critical_gpu_completion_v7_node007_r01_20260803_hybrid_rl_resac_ant_p5_code2bd8999a5dc3/critical_gpu_completion_v7_node007_r01_20260803_hybrid_rl_resac_ant_p5_code2bd8999a5dc3_profile_5_per_gpu_gpu0_4/logs/q_mean.npy
432	8	/tmp/scheduleurm_critical_gpu_completion/critical_gpu_completion_v7_node007_r01_20260803_hybrid_rl_resac_ant_p5_code2bd8999a5dc3/critical_gpu_completion_v7_node007_r01_20260803_hybrid_rl_resac_ant_p5_code2bd8999a5dc3_profile_5_per_gpu_gpu0_4/logs/q_std_mean.npy
432	8	/tmp/scheduleurm_critical_gpu_completion/critical_gpu_completion_v7_node007_r01_20260803_hybrid_rl_resac_ant_p5_code2bd8999a5dc3/critical_gpu_completion_v7_node007_r01_20260803_hybrid_rl_resac_ant_p5_code2bd8999a5dc3_profile_5_per_gpu_gpu0_4/logs/log_prob.npy
432	8	/tmp/scheduleurm_critical_gpu_completion/critical_gpu_completion_v7_node007_r01_20260803_hybrid_rl_resac_ant_p5_code2bd8999a5dc3/critical_gpu_completion_v7_node007_r01_20260803_hybrid_rl_resac_ant_p5_code2bd8999a5dc3_profile_5_per_gpu_gpu0_4/logs/beta_lcb.npy
24116414	47104	/tmp/scheduleurm_critical_gpu_completion/critical_gpu_completion_v7_node007_r01_20260803_hybrid_rl_resac_ant_p5_code2bd8999a5dc3/critical_gpu_completion_v7_node007_r01_20260803_hybrid_rl_resac_ant_p5_code2bd8999a5dc3_profile_5_per_gpu_gpu0_4/checkpoints/iter_0000019/params.pkl
18795968	36712	/tmp/scheduleurm_critical_gpu_completion/critical_gpu_completion_v7_node007_r01_20260803_hybrid_rl_resac_ant_p5_code2bd8999a5dc3/critical_gpu_completion_v7_node007_r01_20260803_hybrid_rl_resac_ant_p5_code2bd8999a5dc3_profile_5_per_gpu_gpu0_4/checkpoints/iter_0000019/replay_buffer.npz
1714	8	/tmp/scheduleurm_critical_gpu_completion/critical_gpu_completion_v7_node007_r01_20260803_hybrid_rl_resac_ant_p5_code2bd8999a5dc3/critical_gpu_completion_v7_node007_r01_20260803_hybrid_rl_resac_ant_p5_code2bd8999a5dc3_profile_5_per_gpu_gpu0_4/checkpoints/iter_0000019/train_state.pkl
52	8	/tmp/scheduleurm_critical_gpu_completion/critical_gpu_completion_v7_node007_r01_20260803_hybrid_rl_resac_ant_p5_code2bd8999a5dc3/critical_gpu_completion_v7_node007_r01_20260803_hybrid_rl_resac_ant_p5_code2bd8999a5dc3_profile_5_per_gpu_gpu0_4/checkpoints/latest_checkpoint.pkl
24116450	47104	/tmp/scheduleurm_critical_gpu_completion/critical_gpu_completion_v7_node007_r01_20260803_hybrid_rl_resac_ant_p5_code2bd8999a5dc3/critical_gpu_completion_v7_node007_r01_20260803_hybrid_rl_resac_ant_p5_code2bd8999a5dc3_profile_5_per_gpu_gpu0_4/checkpoints/iter_0000039/params.pkl
37566710	73376	/tmp/scheduleurm_critical_gpu_completion/critical_gpu_completion_v7_node007_r01_20260803_hybrid_rl_resac_ant_p5_code2bd8999a5dc3/critical_gpu_completion_v7_node007_r01_20260803_hybrid_rl_resac_ant_p5_code2bd8999a5dc3_profile_5_per_gpu_gpu0_4/checkpoints/iter_0000039/replay_buffer.npz
3226	8	/tmp/scheduleurm_critical_gpu_completion/critical_gpu_completion_v7_node007_r01_20260803_hybrid_rl_resac_ant_p5_code2bd8999a5dc3/critical_gpu_completion_v7_node007_r01_20260803_hybrid_rl_resac_ant_p5_code2bd8999a5dc3_profile_5_per_gpu_gpu0_4/checkpoints/iter_0000039/train_state.pkl
160	8	/tmp/scheduleurm_critical_gpu_completion/critical_gpu_completion_v7_node007_r01_20260803_hybrid_rl_resac_ant_p5_code2bd8999a5dc3/critical_gpu_completion_v7_node007_r01_20260803_hybrid_rl_resac_ant_p5_code2bd8999a5dc3_profile_5_per_gpu_gpu1_5/logs/train_reward_mean.npy
160	8	/tmp/scheduleurm_critical_gpu_completion/critical_gpu_completion_v7_node007_r01_20260803_hybrid_rl_resac_ant_p5_code2bd8999a5dc3/critical_gpu_completion_v7_node007_r01_20260803_hybrid_rl_resac_ant_p5_code2bd8999a5dc3_profile_5_per_gpu_gpu1_5/logs/train_reward_std.npy
192	8	/tmp/scheduleurm_critical_gpu_completion/critical_gpu_completion_v7_node007_r01_20260803_hybrid_rl_resac_ant_p5_code2bd8999a5dc3/critical_gpu_completion_v7_node007_r01_20260803_hybrid_rl_resac_ant_p5_code2bd8999a5dc3_profile_5_per_gpu_gpu1_5/logs/eval_reward.npy
192	8	/tmp/scheduleurm_critical_gpu_completion/critical_gpu_completion_v7_node007_r01_20260803_hybrid_rl_resac_ant_p5_code2bd8999a5dc3/critical_gpu_completion_v7_node007_r01_20260803_hybrid_rl_resac_ant_p5_code2bd8999a5dc3_profile_5_per_gpu_gpu1_5/logs/eval_reward_std.npy
448	8	/tmp/scheduleurm_critical_gpu_completion/critical_gpu_completion_v7_node007_r01_20260803_hybrid_rl_resac_ant_p5_code2bd8999a5dc3/critical_gpu_completion_v7_node007_r01_20260803_hybrid_rl_resac_ant_p5_code2bd8999a5dc3_profile_5_per_gpu_gpu1_5/logs/total_steps.npy
448	8	/tmp/scheduleurm_critical_gpu_completion/critical_gpu_completion_v7_node007_r01_20260803_hybrid_rl_resac_ant_p5_code2bd8999a5dc3/critical_gpu_completion_v7_node007_r01_20260803_hybrid_rl_resac_ant_p5_code2bd8999a5dc3_profile_5_per_gpu_gpu1_5/logs/iteration.npy
448	8	/tmp/scheduleurm_critical_gpu_completion/critical_gpu_completion_v7_node007_r01_20260803_hybrid_rl_resac_ant_p5_code2bd8999a5dc3/critical_gpu_completion_v7_node007_r01_20260803_hybrid_rl_resac_ant_p5_code2bd8999a5dc3_profile_5_per_gpu_gpu1_5/logs/mode_id.npy
432	8	/tmp/scheduleurm_critical_gpu_completion/critical_gpu_completion_v7_node007_r01_20260803_hybrid_rl_resac_ant_p5_code2bd8999a5dc3/critical_gpu_completion_v7_node007_r01_20260803_hybrid_rl_resac_ant_p5_code2bd8999a5dc3_profile_5_per_gpu_gpu1_5/logs/critic_loss.npy
432	8	/tmp/scheduleurm_critical_gpu_completion/critical_gpu_completion_v7_node007_r01_20260803_hybrid_rl_resac_ant_p5_code2bd8999a5dc3/critical_gpu_completion_v7_node007_r01_20260803_hybrid_rl_resac_ant_p5_code2bd8999a5dc3_profile_5_per_gpu_gpu1_5/logs/policy_loss.npy
432	8	/tmp/scheduleurm_critical_gpu_completion/critical_gpu_completion_v7_node007_r01_20260803_hybrid_rl_resac_ant_p5_code2bd8999a5dc3/critical_gpu_completion_v7_node007_r01_20260803_hybrid_rl_resac_ant_p5_code2bd8999a5dc3_profile_5_per_gpu_gpu1_5/logs/alpha.npy
432	8	/tmp/scheduleurm_critical_gpu_completion/critical_gpu_completion_v7_node007_r01_20260803_hybrid_rl_resac_ant_p5_code2bd8999a5dc3/critical_gpu_completion_v7_node007_r01_20260803_hybrid_rl_resac_ant_p5_code2bd8999a5dc3_profile_5_per_gpu_gpu1_5/logs/q_mean.npy
432	8	/tmp/scheduleurm_critical_gpu_completion/critical_gpu_completion_v7_node007_r01_20260803_hybrid_rl_resac_ant_p5_code2bd8999a5dc3/critical_gpu_completion_v7_node007_r01_20260803_hybrid_rl_resac_ant_p5_code2bd8999a5dc3_profile_5_per_gpu_gpu1_5/logs/q_std_mean.npy
432	8	/tmp/scheduleurm_critical_gpu_completion/critical_gpu_completion_v7_node007_r01_20260803_hybrid_rl_resac_ant_p5_code2bd8999a5dc3/critical_gpu_completion_v7_node007_r01_20260803_hybrid_rl_resac_ant_p5_code2bd8999a5dc3_profile_5_per_gpu_gpu1_5/logs/log_prob.npy
432	8	/tmp/scheduleurm_critical_gpu_completion/critical_gpu_completion_v7_node007_r01_20260803_hybrid_rl_resac_ant_p5_code2bd8999a5dc3/critical_gpu_completion_v7_node007_r01_20260803_hybrid_rl_resac_ant_p5_code2bd8999a5dc3_profile_5_per_gpu_gpu1_5/logs/beta_lcb.npy
24116414	47104	/tmp/scheduleurm_critical_gpu_completion/critical_gpu_completion_v7_node007_r01_20260803_hybrid_rl_resac_ant_p5_code2bd8999a5dc3/critical_gpu_completion_v7_node007_r01_20260803_hybrid_rl_resac_ant_p5_code2bd8999a5dc3_profile_5_per_gpu_gpu1_5/checkpoints/iter_0000019/params.pkl
18800574	36720	/tmp/scheduleurm_critical_gpu_completion/critical_gpu_completion_v7_node007_r01_20260803_hybrid_rl_resac_ant_p5_code2bd8999a5dc3/critical_gpu_completion_v7_node007_r01_20260803_hybrid_rl_resac_ant_p5_code2bd8999a5dc3_profile_5_per_gpu_gpu1_5/checkpoints/iter_0000019/replay_buffer.npz
1714	8	/tmp/scheduleurm_critical_gpu_completion/critical_gpu_completion_v7_node007_r01_20260803_hybrid_rl_resac_ant_p5_code2bd8999a5dc3/critical_gpu_completion_v7_node007_r01_20260803_hybrid_rl_resac_ant_p5_code2bd8999a5dc3_profile_5_per_gpu_gpu1_5/checkpoints/iter_0000019/train_state.pkl
52	8	/tmp/scheduleurm_critical_gpu_completion/critical_gpu_completion_v7_node007_r01_20260803_hybrid_rl_resac_ant_p5_code2bd8999a5dc3/critical_gpu_completion_v7_node007_r01_20260803_hybrid_rl_resac_ant_p5_code2bd8999a5dc3_profile_5_per_gpu_gpu1_5/checkpoints/latest_checkpoint.pkl
24116450	47104	/tmp/scheduleurm_critical_gpu_completion/critical_gpu_completion_v7_node007_r01_20260803_hybrid_rl_resac_ant_p5_code2bd8999a5dc3/critical_gpu_completion_v7_node007_r01_20260803_hybrid_rl_resac_ant_p5_code2bd8999a5dc3_profile_5_per_gpu_gpu1_5/checkpoints/iter_0000039/params.pkl
37569811	73384	/tmp/scheduleurm_critical_gpu_completion/critical_gpu_completion_v7_node007_r01_20260803_hybrid_rl_resac_ant_p5_code2bd8999a5dc3/critical_gpu_completion_v7_node007_r01_20260803_hybrid_rl_resac_ant_p5_code2bd8999a5dc3_profile_5_per_gpu_gpu1_5/checkpoints/iter_0000039/replay_buffer.npz
3226	8	/tmp/scheduleurm_critical_gpu_completion/critical_gpu_completion_v7_node007_r01_20260803_hybrid_rl_resac_ant_p5_code2bd8999a5dc3/critical_gpu_completion_v7_node007_r01_20260803_hybrid_rl_resac_ant_p5_code2bd8999a5dc3_profile_5_per_gpu_gpu1_5/checkpoints/iter_0000039/train_state.pkl
152	8	/tmp/scheduleurm_critical_gpu_completion/critical_gpu_completion_v7_node007_r01_20260803_hybrid_rl_resac_ant_p5_code2bd8999a5dc3/critical_gpu_completion_v7_node007_r01_20260803_hybrid_rl_resac_ant_p5_code2bd8999a5dc3_profile_5_per_gpu_gpu1_6/logs/train_reward_mean.npy
152	8	/tmp/scheduleurm_critical_gpu_completion/critical_gpu_completion_v7_node007_r01_20260803_hybrid_rl_resac_ant_p5_code2bd8999a5dc3/critical_gpu_completion_v7_node007_r01_20260803_hybrid_rl_resac_ant_p5_code2bd8999a5dc3_profile_5_per_gpu_gpu1_6/logs/train_reward_std.npy
192	8	/tmp/scheduleurm_critical_gpu_completion/critical_gpu_completion_v7_node007_r01_20260803_hybrid_rl_resac_ant_p5_code2bd8999a5dc3/critical_gpu_completion_v7_node007_r01_20260803_hybrid_rl_resac_ant_p5_code2bd8999a5dc3_profile_5_per_gpu_gpu1_6/logs/eval_reward.npy
192	8	/tmp/scheduleurm_critical_gpu_completion/critical_gpu_completion_v7_node007_r01_20260803_hybrid_rl_resac_ant_p5_code2bd8999a5dc3/critical_gpu_completion_v7_node007_r01_20260803_hybrid_rl_resac_ant_p5_code2bd8999a5dc3_profile_5_per_gpu_gpu1_6/logs/eval_reward_std.npy
448	8	/tmp/scheduleurm_critical_gpu_completion/critical_gpu_completion_v7_node007_r01_20260803_hybrid_rl_resac_ant_p5_code2bd8999a5dc3/critical_gpu_completion_v7_node007_r01_20260803_hybrid_rl_resac_ant_p5_code2bd8999a5dc3_profile_5_per_gpu_gpu1_6/logs/total_steps.npy
448	8	/tmp/scheduleurm_critical_gpu_completion/critical_gpu_completion_v7_node007_r01_20260803_hybrid_rl_resac_ant_p5_code2bd8999a5dc3/critical_gpu_completion_v7_node007_r01_20260803_hybrid_rl_resac_ant_p5_code2bd8999a5dc3_profile_5_per_gpu_gpu1_6/logs/iteration.npy
448	8	/tmp/scheduleurm_critical_gpu_completion/critical_gpu_completion_v7_node007_r01_20260803_hybrid_rl_resac_ant_p5_code2bd8999a5dc3/critical_gpu_completion_v7_node007_r01_20260803_hybrid_rl_resac_ant_p5_code2bd8999a5dc3_profile_5_per_gpu_gpu1_6/logs/mode_id.npy
432	8	/tmp/scheduleurm_critical_gpu_completion/critical_gpu_completion_v7_node007_r01_20260803_hybrid_rl_resac_ant_p5_code2bd8999a5dc3/critical_gpu_completion_v7_node007_r01_20260803_hybrid_rl_resac_ant_p5_code2bd8999a5dc3_profile_5_per_gpu_gpu1_6/logs/critic_loss.npy
432	8	/tmp/scheduleurm_critical_gpu_completion/critical_gpu_completion_v7_node007_r01_20260803_hybrid_rl_resac_ant_p5_code2bd8999a5dc3/critical_gpu_completion_v7_node007_r01_20260803_hybrid_rl_resac_ant_p5_code2bd8999a5dc3_profile_5_per_gpu_gpu1_6/logs/policy_loss.npy
432	8	/tmp/scheduleurm_critical_gpu_completion/critical_gpu_completion_v7_node007_r01_20260803_hybrid_rl_resac_ant_p5_code2bd8999a5dc3/critical_gpu_completion_v7_node007_r01_20260803_hybrid_rl_resac_ant_p5_code2bd8999a5dc3_profile_5_per_gpu_gpu1_6/logs/alpha.npy
432	8	/tmp/scheduleurm_critical_gpu_completion/critical_gpu_completion_v7_node007_r01_20260803_hybrid_rl_resac_ant_p5_code2bd8999a5dc3/critical_gpu_completion_v7_node007_r01_20260803_hybrid_rl_resac_ant_p5_code2bd8999a5dc3_profile_5_per_gpu_gpu1_6/logs/q_mean.npy
432	8	/tmp/scheduleurm_critical_gpu_completion/critical_gpu_completion_v7_node007_r01_20260803_hybrid_rl_resac_ant_p5_code2bd8999a5dc3/critical_gpu_completion_v7_node007_r01_20260803_hybrid_rl_resac_ant_p5_code2bd8999a5dc3_profile_5_per_gpu_gpu1_6/logs/q_std_mean.npy
432	8	/tmp/scheduleurm_critical_gpu_completion/critical_gpu_completion_v7_node007_r01_20260803_hybrid_rl_resac_ant_p5_code2bd8999a5dc3/critical_gpu_completion_v7_node007_r01_20260803_hybrid_rl_resac_ant_p5_code2bd8999a5dc3_profile_5_per_gpu_gpu1_6/logs/log_prob.npy
432	8	/tmp/scheduleurm_critical_gpu_completion/critical_gpu_completion_v7_node007_r01_20260803_hybrid_rl_resac_ant_p5_code2bd8999a5dc3/critical_gpu_completion_v7_node007_r01_20260803_hybrid_rl_resac_ant_p5_code2bd8999a5dc3_profile_5_per_gpu_gpu1_6/logs/beta_lcb.npy
24116414	47104	/tmp/scheduleurm_critical_gpu_completion/critical_gpu_completion_v7_node007_r01_20260803_hybrid_rl_resac_ant_p5_code2bd8999a5dc3/critical_gpu_completion_v7_node007_r01_20260803_hybrid_rl_resac_ant_p5_code2bd8999a5dc3_profile_5_per_gpu_gpu1_6/checkpoints/iter_0000019/params.pkl
18796349	36712	/tmp/scheduleurm_critical_gpu_completion/critical_gpu_completion_v7_node007_r01_20260803_hybrid_rl_resac_ant_p5_code2bd8999a5dc3/critical_gpu_completion_v7_node007_r01_20260803_hybrid_rl_resac_ant_p5_code2bd8999a5dc3_profile_5_per_gpu_gpu1_6/checkpoints/iter_0000019/replay_buffer.npz
1696	8	/tmp/scheduleurm_critical_gpu_completion/critical_gpu_completion_v7_node007_r01_20260803_hybrid_rl_resac_ant_p5_code2bd8999a5dc3/critical_gpu_completion_v7_node007_r01_20260803_hybrid_rl_resac_ant_p5_code2bd8999a5dc3_profile_5_per_gpu_gpu1_6/checkpoints/iter_0000019/train_state.pkl
52	8	/tmp/scheduleurm_critical_gpu_completion/critical_gpu_completion_v7_node007_r01_20260803_hybrid_rl_resac_ant_p5_code2bd8999a5dc3/critical_gpu_completion_v7_node007_r01_20260803_hybrid_rl_resac_ant_p5_code2bd8999a5dc3_profile_5_per_gpu_gpu1_6/checkpoints/latest_checkpoint.pkl
24116450	47104	/tmp/scheduleurm_critical_gpu_completion/critical_gpu_completion_v7_node007_r01_20260803_hybrid_rl_resac_ant_p5_code2bd8999a5dc3/critical_gpu_completion_v7_node007_r01_20260803_hybrid_rl_resac_ant_p5_code2bd8999a5dc3_profile_5_per_gpu_gpu1_6/checkpoints/iter_0000039/params.pkl
37565316	73376	/tmp/scheduleurm_critical_gpu_completion/critical_gpu_completion_v7_node007_r01_20260803_hybrid_rl_resac_ant_p5_code2bd8999a5dc3/critical_gpu_completion_v7_node007_r01_20260803_hybrid_rl_resac_ant_p5_code2bd8999a5dc3_profile_5_per_gpu_gpu1_6/checkpoints/iter_0000039/replay_buffer.npz
3208	8	/tmp/scheduleurm_critical_gpu_completion/critical_gpu_completion_v7_node007_r01_20260803_hybrid_rl_resac_ant_p5_code2bd8999a5dc3/critical_gpu_completion_v7_node007_r01_20260803_hybrid_rl_resac_ant_p5_code2bd8999a5dc3_profile_5_per_gpu_gpu1_6/checkpoints/iter_0000039/train_state.pkl
152	8	/tmp/scheduleurm_critical_gpu_completion/critical_gpu_completion_v7_node007_r01_20260803_hybrid_rl_resac_ant_p5_code2bd8999a5dc3/critical_gpu_completion_v7_node007_r01_20260803_hybrid_rl_resac_ant_p5_code2bd8999a5dc3_profile_5_per_gpu_gpu1_7/logs/train_reward_mean.npy
152	8	/tmp/scheduleurm_critical_gpu_completion/critical_gpu_completion_v7_node007_r01_20260803_hybrid_rl_resac_ant_p5_code2bd8999a5dc3/critical_gpu_completion_v7_node007_r01_20260803_hybrid_rl_resac_ant_p5_code2bd8999a5dc3_profile_5_per_gpu_gpu1_7/logs/train_reward_std.npy
192	8	/tmp/scheduleurm_critical_gpu_completion/critical_gpu_completion_v7_node007_r01_20260803_hybrid_rl_resac_ant_p5_code2bd8999a5dc3/critical_gpu_completion_v7_node007_r01_20260803_hybrid_rl_resac_ant_p5_code2bd8999a5dc3_profile_5_per_gpu_gpu1_7/logs/eval_reward.npy
192	8	/tmp/scheduleurm_critical_gpu_completion/critical_gpu_completion_v7_node007_r01_20260803_hybrid_rl_resac_ant_p5_code2bd8999a5dc3/critical_gpu_completion_v7_node007_r01_20260803_hybrid_rl_resac_ant_p5_code2bd8999a5dc3_profile_5_per_gpu_gpu1_7/logs/eval_reward_std.npy
448	8	/tmp/scheduleurm_critical_gpu_completion/critical_gpu_completion_v7_node007_r01_20260803_hybrid_rl_resac_ant_p5_code2bd8999a5dc3/critical_gpu_completion_v7_node007_r01_20260803_hybrid_rl_resac_ant_p5_code2bd8999a5dc3_profile_5_per_gpu_gpu1_7/logs/total_steps.npy
448	8	/tmp/scheduleurm_critical_gpu_completion/critical_gpu_completion_v7_node007_r01_20260803_hybrid_rl_resac_ant_p5_code2bd8999a5dc3/critical_gpu_completion_v7_node007_r01_20260803_hybrid_rl_resac_ant_p5_code2bd8999a5dc3_profile_5_per_gpu_gpu1_7/logs/iteration.npy
448	8	/tmp/scheduleurm_critical_gpu_completion/critical_gpu_completion_v7_node007_r01_20260803_hybrid_rl_resac_ant_p5_code2bd8999a5dc3/critical_gpu_completion_v7_node007_r01_20260803_hybrid_rl_resac_ant_p5_code2bd8999a5dc3_profile_5_per_gpu_gpu1_7/logs/mode_id.npy
432	8	/tmp/scheduleurm_critical_gpu_completion/critical_gpu_completion_v7_node007_r01_20260803_hybrid_rl_resac_ant_p5_code2bd8999a5dc3/critical_gpu_completion_v7_node007_r01_20260803_hybrid_rl_resac_ant_p5_code2bd8999a5dc3_profile_5_per_gpu_gpu1_7/logs/critic_loss.npy
432	8	/tmp/scheduleurm_critical_gpu_completion/critical_gpu_completion_v7_node007_r01_20260803_hybrid_rl_resac_ant_p5_code2bd8999a5dc3/critical_gpu_completion_v7_node007_r01_20260803_hybrid_rl_resac_ant_p5_code2bd8999a5dc3_profile_5_per_gpu_gpu1_7/logs/policy_loss.npy
432	8	/tmp/scheduleurm_critical_gpu_completion/critical_gpu_completion_v7_node007_r01_20260803_hybrid_rl_resac_ant_p5_code2bd8999a5dc3/critical_gpu_completion_v7_node007_r01_20260803_hybrid_rl_resac_ant_p5_code2bd8999a5dc3_profile_5_per_gpu_gpu1_7/logs/alpha.npy
432	8	/tmp/scheduleurm_critical_gpu_completion/critical_gpu_completion_v7_node007_r01_20260803_hybrid_rl_resac_ant_p5_code2bd8999a5dc3/critical_gpu_completion_v7_node007_r01_20260803_hybrid_rl_resac_ant_p5_code2bd8999a5dc3_profile_5_per_gpu_gpu1_7/logs/q_mean.npy
432	8	/tmp/scheduleurm_critical_gpu_completion/critical_gpu_completion_v7_node007_r01_20260803_hybrid_rl_resac_ant_p5_code2bd8999a5dc3/critical_gpu_completion_v7_node007_r01_20260803_hybrid_rl_resac_ant_p5_code2bd8999a5dc3_profile_5_per_gpu_gpu1_7/logs/q_std_mean.npy
432	8	/tmp/scheduleurm_critical_gpu_completion/critical_gpu_completion_v7_node007_r01_20260803_hybrid_rl_resac_ant_p5_code2bd8999a5dc3/critical_gpu_completion_v7_node007_r01_20260803_hybrid_rl_resac_ant_p5_code2bd8999a5dc3_profile_5_per_gpu_gpu1_7/logs/log_prob.npy
432	8	/tmp/scheduleurm_critical_gpu_completion/critical_gpu_completion_v7_node007_r01_20260803_hybrid_rl_resac_ant_p5_code2bd8999a5dc3/critical_gpu_completion_v7_node007_r01_20260803_hybrid_rl_resac_ant_p5_code2bd8999a5dc3_profile_5_per_gpu_gpu1_7/logs/beta_lcb.npy
24116414	47104	/tmp/scheduleurm_critical_gpu_completion/critical_gpu_completion_v7_node007_r01_20260803_hybrid_rl_resac_ant_p5_code2bd8999a5dc3/critical_gpu_completion_v7_node007_r01_20260803_hybrid_rl_resac_ant_p5_code2bd8999a5dc3_profile_5_per_gpu_gpu1_7/checkpoints/iter_0000019/params.pkl
18795777	36712	/tmp/scheduleurm_critical_gpu_completion/critical_gpu_completion_v7_node007_r01_20260803_hybrid_rl_resac_ant_p5_code2bd8999a5dc3/critical_gpu_completion_v7_node007_r01_20260803_hybrid_rl_resac_ant_p5_code2bd8999a5dc3_profile_5_per_gpu_gpu1_7/checkpoints/iter_0000019/replay_buffer.npz
1696	8	/tmp/scheduleurm_critical_gpu_completion/critical_gpu_completion_v7_node007_r01_20260803_hybrid_rl_resac_ant_p5_code2bd8999a5dc3/critical_gpu_completion_v7_node007_r01_20260803_hybrid_rl_resac_ant_p5_code2bd8999a5dc3_profile_5_per_gpu_gpu1_7/checkpoints/iter_0000019/train_state.pkl
52	8	/tmp/scheduleurm_critical_gpu_completion/critical_gpu_completion_v7_node007_r01_20260803_hybrid_rl_resac_ant_p5_code2bd8999a5dc3/critical_gpu_completion_v7_node007_r01_20260803_hybrid_rl_resac_ant_p5_code2bd8999a5dc3_profile_5_per_gpu_gpu1_7/checkpoints/latest_checkpoint.pkl
24116450	47104	/tmp/scheduleurm_critical_gpu_completion/critical_gpu_completion_v7_node007_r01_20260803_hybrid_rl_resac_ant_p5_code2bd8999a5dc3/critical_gpu_completion_v7_node007_r01_20260803_hybrid_rl_resac_ant_p5_code2bd8999a5dc3_profile_5_per_gpu_gpu1_7/checkpoints/iter_0000039/params.pkl
37566726	73376	/tmp/scheduleurm_critical_gpu_completion/critical_gpu_completion_v7_node007_r01_20260803_hybrid_rl_resac_ant_p5_code2bd8999a5dc3/critical_gpu_completion_v7_node007_r01_20260803_hybrid_rl_resac_ant_p5_code2bd8999a5dc3_profile_5_per_gpu_gpu1_7/checkpoints/iter_0000039/replay_buffer.npz
3208	8	/tmp/scheduleurm_critical_gpu_completion/critical_gpu_completion_v7_node007_r01_20260803_hybrid_rl_resac_ant_p5_code2bd8999a5dc3/critical_gpu_completion_v7_node007_r01_20260803_hybrid_rl_resac_ant_p5_code2bd8999a5dc3_profile_5_per_gpu_gpu1_7/checkpoints/iter_0000039/train_state.pkl
144	8	/tmp/scheduleurm_critical_gpu_completion/critical_gpu_completion_v7_node007_r01_20260803_hybrid_rl_resac_ant_p5_code2bd8999a5dc3/critical_gpu_completion_v7_node007_r01_20260803_hybrid_rl_resac_ant_p5_code2bd8999a5dc3_profile_5_per_gpu_gpu1_8/logs/train_reward_mean.npy
144	8	/tmp/scheduleurm_critical_gpu_completion/critical_gpu_completion_v7_node007_r01_20260803_hybrid_rl_resac_ant_p5_code2bd8999a5dc3/critical_gpu_completion_v7_node007_r01_20260803_hybrid_rl_resac_ant_p5_code2bd8999a5dc3_profile_5_per_gpu_gpu1_8/logs/train_reward_std.npy
192	8	/tmp/scheduleurm_critical_gpu_completion/critical_gpu_completion_v7_node007_r01_20260803_hybrid_rl_resac_ant_p5_code2bd8999a5dc3/critical_gpu_completion_v7_node007_r01_20260803_hybrid_rl_resac_ant_p5_code2bd8999a5dc3_profile_5_per_gpu_gpu1_8/logs/eval_reward.npy
192	8	/tmp/scheduleurm_critical_gpu_completion/critical_gpu_completion_v7_node007_r01_20260803_hybrid_rl_resac_ant_p5_code2bd8999a5dc3/critical_gpu_completion_v7_node007_r01_20260803_hybrid_rl_resac_ant_p5_code2bd8999a5dc3_profile_5_per_gpu_gpu1_8/logs/eval_reward_std.npy
448	8	/tmp/scheduleurm_critical_gpu_completion/critical_gpu_completion_v7_node007_r01_20260803_hybrid_rl_resac_ant_p5_code2bd8999a5dc3/critical_gpu_completion_v7_node007_r01_20260803_hybrid_rl_resac_ant_p5_code2bd8999a5dc3_profile_5_per_gpu_gpu1_8/logs/total_steps.npy
448	8	/tmp/scheduleurm_critical_gpu_completion/critical_gpu_completion_v7_node007_r01_20260803_hybrid_rl_resac_ant_p5_code2bd8999a5dc3/critical_gpu_completion_v7_node007_r01_20260803_hybrid_rl_resac_ant_p5_code2bd8999a5dc3_profile_5_per_gpu_gpu1_8/logs/iteration.npy
448	8	/tmp/scheduleurm_critical_gpu_completion/critical_gpu_completion_v7_node007_r01_20260803_hybrid_rl_resac_ant_p5_code2bd8999a5dc3/critical_gpu_completion_v7_node007_r01_20260803_hybrid_rl_resac_ant_p5_code2bd8999a5dc3_profile_5_per_gpu_gpu1_8/logs/mode_id.npy
432	8	/tmp/scheduleurm_critical_gpu_completion/critical_gpu_completion_v7_node007_r01_20260803_hybrid_rl_resac_ant_p5_code2bd8999a5dc3/critical_gpu_completion_v7_node007_r01_20260803_hybrid_rl_resac_ant_p5_code2bd8999a5dc3_profile_5_per_gpu_gpu1_8/logs/critic_loss.npy
432	8	/tmp/scheduleurm_critical_gpu_completion/critical_gpu_completion_v7_node007_r01_20260803_hybrid_rl_resac_ant_p5_code2bd8999a5dc3/critical_gpu_completion_v7_node007_r01_20260803_hybrid_rl_resac_ant_p5_code2bd8999a5dc3_profile_5_per_gpu_gpu1_8/logs/policy_loss.npy
432	8	/tmp/scheduleurm_critical_gpu_completion/critical_gpu_completion_v7_node007_r01_20260803_hybrid_rl_resac_ant_p5_code2bd8999a5dc3/critical_gpu_completion_v7_node007_r01_20260803_hybrid_rl_resac_ant_p5_code2bd8999a5dc3_profile_5_per_gpu_gpu1_8/logs/alpha.npy
432	8	/tmp/scheduleurm_critical_gpu_completion/critical_gpu_completion_v7_node007_r01_20260803_hybrid_rl_resac_ant_p5_code2bd8999a5dc3/critical_gpu_completion_v7_node007_r01_20260803_hybrid_rl_resac_ant_p5_code2bd8999a5dc3_profile_5_per_gpu_gpu1_8/logs/q_mean.npy
432	8	/tmp/scheduleurm_critical_gpu_completion/critical_gpu_completion_v7_node007_r01_20260803_hybrid_rl_resac_ant_p5_code2bd8999a5dc3/critical_gpu_completion_v7_node007_r01_20260803_hybrid_rl_resac_ant_p5_code2bd8999a5dc3_profile_5_per_gpu_gpu1_8/logs/q_std_mean.npy
432	8	/tmp/scheduleurm_critical_gpu_completion/critical_gpu_completion_v7_node007_r01_20260803_hybrid_rl_resac_ant_p5_code2bd8999a5dc3/critical_gpu_completion_v7_node007_r01_20260803_hybrid_rl_resac_ant_p5_code2bd8999a5dc3_profile_5_per_gpu_gpu1_8/logs/log_prob.npy
432	8	/tmp/scheduleurm_critical_gpu_completion/critical_gpu_completion_v7_node007_r01_20260803_hybrid_rl_resac_ant_p5_code2bd8999a5dc3/critical_gpu_completion_v7_node007_r01_20260803_hybrid_rl_resac_ant_p5_code2bd8999a5dc3_profile_5_per_gpu_gpu1_8/logs/beta_lcb.npy
24116414	47104	/tmp/scheduleurm_critical_gpu_completion/critical_gpu_completion_v7_node007_r01_20260803_hybrid_rl_resac_ant_p5_code2bd8999a5dc3/critical_gpu_completion_v7_node007_r01_20260803_hybrid_rl_resac_ant_p5_code2bd8999a5dc3_profile_5_per_gpu_gpu1_8/checkpoints/iter_0000019/params.pkl
18792366	36704	/tmp/scheduleurm_critical_gpu_completion/critical_gpu_completion_v7_node007_r01_20260803_hybrid_rl_resac_ant_p5_code2bd8999a5dc3/critical_gpu_completion_v7_node007_r01_20260803_hybrid_rl_resac_ant_p5_code2bd8999a5dc3_profile_5_per_gpu_gpu1_8/checkpoints/iter_0000019/replay_buffer.npz
1678	8	/tmp/scheduleurm_critical_gpu_completion/critical_gpu_completion_v7_node007_r01_20260803_hybrid_rl_resac_ant_p5_code2bd8999a5dc3/critical_gpu_completion_v7_node007_r01_20260803_hybrid_rl_resac_ant_p5_code2bd8999a5dc3_profile_5_per_gpu_gpu1_8/checkpoints/iter_0000019/train_state.pkl
52	8	/tmp/scheduleurm_critical_gpu_completion/critical_gpu_completion_v7_node007_r01_20260803_hybrid_rl_resac_ant_p5_code2bd8999a5dc3/critical_gpu_completion_v7_node007_r01_20260803_hybrid_rl_resac_ant_p5_code2bd8999a5dc3_profile_5_per_gpu_gpu1_8/checkpoints/latest_checkpoint.pkl
24116450	47104	/tmp/scheduleurm_critical_gpu_completion/critical_gpu_completion_v7_node007_r01_20260803_hybrid_rl_resac_ant_p5_code2bd8999a5dc3/critical_gpu_completion_v7_node007_r01_20260803_hybrid_rl_resac_ant_p5_code2bd8999a5dc3_profile_5_per_gpu_gpu1_8/checkpoints/iter_0000039/params.pkl
37569423	73384	/tmp/scheduleurm_critical_gpu_completion/critical_gpu_completion_v7_node007_r01_20260803_hybrid_rl_resac_ant_p5_code2bd8999a5dc3/critical_gpu_completion_v7_node007_r01_20260803_hybrid_rl_resac_ant_p5_code2bd8999a5dc3_profile_5_per_gpu_gpu1_8/checkpoints/iter_0000039/replay_buffer.npz
3190	8	/tmp/scheduleurm_critical_gpu_completion/critical_gpu_completion_v7_node007_r01_20260803_hybrid_rl_resac_ant_p5_code2bd8999a5dc3/critical_gpu_completion_v7_node007_r01_20260803_hybrid_rl_resac_ant_p5_code2bd8999a5dc3_profile_5_per_gpu_gpu1_8/checkpoints/iter_0000039/train_state.pkl
152	8	/tmp/scheduleurm_critical_gpu_completion/critical_gpu_completion_v7_node007_r01_20260803_hybrid_rl_resac_ant_p5_code2bd8999a5dc3/critical_gpu_completion_v7_node007_r01_20260803_hybrid_rl_resac_ant_p5_code2bd8999a5dc3_profile_5_per_gpu_gpu1_9/logs/train_reward_mean.npy
152	8	/tmp/scheduleurm_critical_gpu_completion/critical_gpu_completion_v7_node007_r01_20260803_hybrid_rl_resac_ant_p5_code2bd8999a5dc3/critical_gpu_completion_v7_node007_r01_20260803_hybrid_rl_resac_ant_p5_code2bd8999a5dc3_profile_5_per_gpu_gpu1_9/logs/train_reward_std.npy
192	8	/tmp/scheduleurm_critical_gpu_completion/critical_gpu_completion_v7_node007_r01_20260803_hybrid_rl_resac_ant_p5_code2bd8999a5dc3/critical_gpu_completion_v7_node007_r01_20260803_hybrid_rl_resac_ant_p5_code2bd8999a5dc3_profile_5_per_gpu_gpu1_9/logs/eval_reward.npy
192	8	/tmp/scheduleurm_critical_gpu_completion/critical_gpu_completion_v7_node007_r01_20260803_hybrid_rl_resac_ant_p5_code2bd8999a5dc3/critical_gpu_completion_v7_node007_r01_20260803_hybrid_rl_resac_ant_p5_code2bd8999a5dc3_profile_5_per_gpu_gpu1_9/logs/eval_reward_std.npy
448	8	/tmp/scheduleurm_critical_gpu_completion/critical_gpu_completion_v7_node007_r01_20260803_hybrid_rl_resac_ant_p5_code2bd8999a5dc3/critical_gpu_completion_v7_node007_r01_20260803_hybrid_rl_resac_ant_p5_code2bd8999a5dc3_profile_5_per_gpu_gpu1_9/logs/total_steps.npy
448	8	/tmp/scheduleurm_critical_gpu_completion/critical_gpu_completion_v7_node007_r01_20260803_hybrid_rl_resac_ant_p5_code2bd8999a5dc3/critical_gpu_completion_v7_node007_r01_20260803_hybrid_rl_resac_ant_p5_code2bd8999a5dc3_profile_5_per_gpu_gpu1_9/logs/iteration.npy
448	8	/tmp/scheduleurm_critical_gpu_completion/critical_gpu_completion_v7_node007_r01_20260803_hybrid_rl_resac_ant_p5_code2bd8999a5dc3/critical_gpu_completion_v7_node007_r01_20260803_hybrid_rl_resac_ant_p5_code2bd8999a5dc3_profile_5_per_gpu_gpu1_9/logs/mode_id.npy
432	8	/tmp/scheduleurm_critical_gpu_completion/critical_gpu_completion_v7_node007_r01_20260803_hybrid_rl_resac_ant_p5_code2bd8999a5dc3/critical_gpu_completion_v7_node007_r01_20260803_hybrid_rl_resac_ant_p5_code2bd8999a5dc3_profile_5_per_gpu_gpu1_9/logs/critic_loss.npy
432	8	/tmp/scheduleurm_critical_gpu_completion/critical_gpu_completion_v7_node007_r01_20260803_hybrid_rl_resac_ant_p5_code2bd8999a5dc3/critical_gpu_completion_v7_node007_r01_20260803_hybrid_rl_resac_ant_p5_code2bd8999a5dc3_profile_5_per_gpu_gpu1_9/logs/policy_loss.npy
432	8	/tmp/scheduleurm_critical_gpu_completion/critical_gpu_completion_v7_node007_r01_20260803_hybrid_rl_resac_ant_p5_code2bd8999a5dc3/critical_gpu_completion_v7_node007_r01_20260803_hybrid_rl_resac_ant_p5_code2bd8999a5dc3_profile_5_per_gpu_gpu1_9/logs/alpha.npy
432	8	/tmp/scheduleurm_critical_gpu_completion/critical_gpu_completion_v7_node007_r01_20260803_hybrid_rl_resac_ant_p5_code2bd8999a5dc3/critical_gpu_completion_v7_node007_r01_20260803_hybrid_rl_resac_ant_p5_code2bd8999a5dc3_profile_5_per_gpu_gpu1_9/logs/q_mean.npy
432	8	/tmp/scheduleurm_critical_gpu_completion/critical_gpu_completion_v7_node007_r01_20260803_hybrid_rl_resac_ant_p5_code2bd8999a5dc3/critical_gpu_completion_v7_node007_r01_20260803_hybrid_rl_resac_ant_p5_code2bd8999a5dc3_profile_5_per_gpu_gpu1_9/logs/q_std_mean.npy
432	8	/tmp/scheduleurm_critical_gpu_completion/critical_gpu_completion_v7_node007_r01_20260803_hybrid_rl_resac_ant_p5_code2bd8999a5dc3/critical_gpu_completion_v7_node007_r01_20260803_hybrid_rl_resac_ant_p5_code2bd8999a5dc3_profile_5_per_gpu_gpu1_9/logs/log_prob.npy
432	8	/tmp/scheduleurm_critical_gpu_completion/critical_gpu_completion_v7_node007_r01_20260803_hybrid_rl_resac_ant_p5_code2bd8999a5dc3/critical_gpu_completion_v7_node007_r01_20260803_hybrid_rl_resac_ant_p5_code2bd8999a5dc3_profile_5_per_gpu_gpu1_9/logs/beta_lcb.npy
24116414	47104	/tmp/scheduleurm_critical_gpu_completion/critical_gpu_completion_v7_node007_r01_20260803_hybrid_rl_resac_ant_p5_code2bd8999a5dc3/critical_gpu_completion_v7_node007_r01_20260803_hybrid_rl_resac_ant_p5_code2bd8999a5dc3_profile_5_per_gpu_gpu1_9/checkpoints/iter_0000019/params.pkl
18799426	36720	/tmp/scheduleurm_critical_gpu_completion/critical_gpu_completion_v7_node007_r01_20260803_hybrid_rl_resac_ant_p5_code2bd8999a5dc3/critical_gpu_completion_v7_node007_r01_20260803_hybrid_rl_resac_ant_p5_code2bd8999a5dc3_profile_5_per_gpu_gpu1_9/checkpoints/iter_0000019/replay_buffer.npz
1696	8	/tmp/scheduleurm_critical_gpu_completion/critical_gpu_completion_v7_node007_r01_20260803_hybrid_rl_resac_ant_p5_code2bd8999a5dc3/critical_gpu_completion_v7_node007_r01_20260803_hybrid_rl_resac_ant_p5_code2bd8999a5dc3_profile_5_per_gpu_gpu1_9/checkpoints/iter_0000019/train_state.pkl
52	8	/tmp/scheduleurm_critical_gpu_completion/critical_gpu_completion_v7_node007_r01_20260803_hybrid_rl_resac_ant_p5_code2bd8999a5dc3/critical_gpu_completion_v7_node007_r01_20260803_hybrid_rl_resac_ant_p5_code2bd8999a5dc3_profile_5_per_gpu_gpu1_9/checkpoints/latest_checkpoint.pkl
24116450	47104	/tmp/scheduleurm_critical_gpu_completion/critical_gpu_completion_v7_node007_r01_20260803_hybrid_rl_resac_ant_p5_code2bd8999a5dc3/critical_gpu_completion_v7_node007_r01_20260803_hybrid_rl_resac_ant_p5_code2bd8999a5dc3_profile_5_per_gpu_gpu1_9/checkpoints/iter_0000039/params.pkl
37584496	73408	/tmp/scheduleurm_critical_gpu_completion/critical_gpu_completion_v7_node007_r01_20260803_hybrid_rl_resac_ant_p5_code2bd8999a5dc3/critical_gpu_completion_v7_node007_r01_20260803_hybrid_rl_resac_ant_p5_code2bd8999a5dc3_profile_5_per_gpu_gpu1_9/checkpoints/iter_0000039/replay_buffer.npz
3208	8	/tmp/scheduleurm_critical_gpu_completion/critical_gpu_completion_v7_node007_r01_20260803_hybrid_rl_resac_ant_p5_code2bd8999a5dc3/critical_gpu_completion_v7_node007_r01_20260803_hybrid_rl_resac_ant_p5_code2bd8999a5dc3_profile_5_per_gpu_gpu1_9/checkpoints/iter_0000039/train_state.pkl
160	8	/tmp/scheduleurm_critical_gpu_completion/critical_gpu_completion_v7_node007_r01_20260803_hybrid_rl_resac_ant_p5_code2bd8999a5dc3/critical_gpu_completion_v7_node007_r01_20260803_hybrid_rl_resac_ant_p5_code2bd8999a5dc3_profile_5_per_gpu_gpu2_10/logs/train_reward_mean.npy
160	8	/tmp/scheduleurm_critical_gpu_completion/critical_gpu_completion_v7_node007_r01_20260803_hybrid_rl_resac_ant_p5_code2bd8999a5dc3/critical_gpu_completion_v7_node007_r01_20260803_hybrid_rl_resac_ant_p5_code2bd8999a5dc3_profile_5_per_gpu_gpu2_10/logs/train_reward_std.npy
192	8	/tmp/scheduleurm_critical_gpu_completion/critical_gpu_completion_v7_node007_r01_20260803_hybrid_rl_resac_ant_p5_code2bd8999a5dc3/critical_gpu_completion_v7_node007_r01_20260803_hybrid_rl_resac_ant_p5_code2bd8999a5dc3_profile_5_per_gpu_gpu2_10/logs/eval_reward.npy
192	8	/tmp/scheduleurm_critical_gpu_completion/critical_gpu_completion_v7_node007_r01_20260803_hybrid_rl_resac_ant_p5_code2bd8999a5dc3/critical_gpu_completion_v7_node007_r01_20260803_hybrid_rl_resac_ant_p5_code2bd8999a5dc3_profile_5_per_gpu_gpu2_10/logs/eval_reward_std.npy
448	8	/tmp/scheduleurm_critical_gpu_completion/critical_gpu_completion_v7_node007_r01_20260803_hybrid_rl_resac_ant_p5_code2bd8999a5dc3/critical_gpu_completion_v7_node007_r01_20260803_hybrid_rl_resac_ant_p5_code2bd8999a5dc3_profile_5_per_gpu_gpu2_10/logs/total_steps.npy
448	8	/tmp/scheduleurm_critical_gpu_completion/critical_gpu_completion_v7_node007_r01_20260803_hybrid_rl_resac_ant_p5_code2bd8999a5dc3/critical_gpu_completion_v7_node007_r01_20260803_hybrid_rl_resac_ant_p5_code2bd8999a5dc3_profile_5_per_gpu_gpu2_10/logs/iteration.npy
448	8	/tmp/scheduleurm_critical_gpu_completion/critical_gpu_completion_v7_node007_r01_20260803_hybrid_rl_resac_ant_p5_code2bd8999a5dc3/critical_gpu_completion_v7_node007_r01_20260803_hybrid_rl_resac_ant_p5_code2bd8999a5dc3_profile_5_per_gpu_gpu2_10/logs/mode_id.npy
432	8	/tmp/scheduleurm_critical_gpu_completion/critical_gpu_completion_v7_node007_r01_20260803_hybrid_rl_resac_ant_p5_code2bd8999a5dc3/critical_gpu_completion_v7_node007_r01_20260803_hybrid_rl_resac_ant_p5_code2bd8999a5dc3_profile_5_per_gpu_gpu2_10/logs/critic_loss.npy
432	8	/tmp/scheduleurm_critical_gpu_completion/critical_gpu_completion_v7_node007_r01_20260803_hybrid_rl_resac_ant_p5_code2bd8999a5dc3/critical_gpu_completion_v7_node007_r01_20260803_hybrid_rl_resac_ant_p5_code2bd8999a5dc3_profile_5_per_gpu_gpu2_10/logs/policy_loss.npy
432	8	/tmp/scheduleurm_critical_gpu_completion/critical_gpu_completion_v7_node007_r01_20260803_hybrid_rl_resac_ant_p5_code2bd8999a5dc3/critical_gpu_completion_v7_node007_r01_20260803_hybrid_rl_resac_ant_p5_code2bd8999a5dc3_profile_5_per_gpu_gpu2_10/logs/alpha.npy
432	8	/tmp/scheduleurm_critical_gpu_completion/critical_gpu_completion_v7_node007_r01_20260803_hybrid_rl_resac_ant_p5_code2bd8999a5dc3/critical_gpu_completion_v7_node007_r01_20260803_hybrid_rl_resac_ant_p5_code2bd8999a5dc3_profile_5_per_gpu_gpu2_10/logs/q_mean.npy
432	8	/tmp/scheduleurm_critical_gpu_completion/critical_gpu_completion_v7_node007_r01_20260803_hybrid_rl_resac_ant_p5_code2bd8999a5dc3/critical_gpu_completion_v7_node007_r01_20260803_hybrid_rl_resac_ant_p5_code2bd8999a5dc3_profile_5_per_gpu_gpu2_10/logs/q_std_mean.npy
432	8	/tmp/scheduleurm_critical_gpu_completion/critical_gpu_completion_v7_node007_r01_20260803_hybrid_rl_resac_ant_p5_code2bd8999a5dc3/critical_gpu_completion_v7_node007_r01_20260803_hybrid_rl_resac_ant_p5_code2bd8999a5dc3_profile_5_per_gpu_gpu2_10/logs/log_prob.npy
432	8	/tmp/scheduleurm_critical_gpu_completion/critical_gpu_completion_v7_node007_r01_20260803_hybrid_rl_resac_ant_p5_code2bd8999a5dc3/critical_gpu_completion_v7_node007_r01_20260803_hybrid_rl_resac_ant_p5_code2bd8999a5dc3_profile_5_per_gpu_gpu2_10/logs/beta_lcb.npy
24116414	47104	/tmp/scheduleurm_critical_gpu_completion/critical_gpu_completion_v7_node007_r01_20260803_hybrid_rl_resac_ant_p5_code2bd8999a5dc3/critical_gpu_completion_v7_node007_r01_20260803_hybrid_rl_resac_ant_p5_code2bd8999a5dc3_profile_5_per_gpu_gpu2_10/checkpoints/iter_0000019/params.pkl
18795968	36712	/tmp/scheduleurm_critical_gpu_completion/critical_gpu_completion_v7_node007_r01_20260803_hybrid_rl_resac_ant_p5_code2bd8999a5dc3/critical_gpu_completion_v7_node007_r01_20260803_hybrid_rl_resac_ant_p5_code2bd8999a5dc3_profile_5_per_gpu_gpu2_10/checkpoints/iter_0000019/replay_buffer.npz
1714	8	/tmp/scheduleurm_critical_gpu_completion/critical_gpu_completion_v7_node007_r01_20260803_hybrid_rl_resac_ant_p5_code2bd8999a5dc3/critical_gpu_completion_v7_node007_r01_20260803_hybrid_rl_resac_ant_p5_code2bd8999a5dc3_profile_5_per_gpu_gpu2_10/checkpoints/iter_0000019/train_state.pkl
52	8	/tmp/scheduleurm_critical_gpu_completion/critical_gpu_completion_v7_node007_r01_20260803_hybrid_rl_resac_ant_p5_code2bd8999a5dc3/critical_gpu_completion_v7_node007_r01_20260803_hybrid_rl_resac_ant_p5_code2bd8999a5dc3_profile_5_per_gpu_gpu2_10/checkpoints/latest_checkpoint.pkl
24116450	47104	/tmp/scheduleurm_critical_gpu_completion/critical_gpu_completion_v7_node007_r01_20260803_hybrid_rl_resac_ant_p5_code2bd8999a5dc3/critical_gpu_completion_v7_node007_r01_20260803_hybrid_rl_resac_ant_p5_code2bd8999a5dc3_profile_5_per_gpu_gpu2_10/checkpoints/iter_0000039/params.pkl
37576141	73392	/tmp/scheduleurm_critical_gpu_completion/critical_gpu_completion_v7_node007_r01_20260803_hybrid_rl_resac_ant_p5_code2bd8999a5dc3/critical_gpu_completion_v7_node007_r01_20260803_hybrid_rl_resac_ant_p5_code2bd8999a5dc3_profile_5_per_gpu_gpu2_10/checkpoints/iter_0000039/replay_buffer.npz
3226	8	/tmp/scheduleurm_critical_gpu_completion/critical_gpu_completion_v7_node007_r01_20260803_hybrid_rl_resac_ant_p5_code2bd8999a5dc3/critical_gpu_completion_v7_node007_r01_20260803_hybrid_rl_resac_ant_p5_code2bd8999a5dc3_profile_5_per_gpu_gpu2_10/checkpoints/iter_0000039/train_state.pkl
144	8	/tmp/scheduleurm_critical_gpu_completion/critical_gpu_completion_v7_node007_r01_20260803_hybrid_rl_resac_ant_p5_code2bd8999a5dc3/critical_gpu_completion_v7_node007_r01_20260803_hybrid_rl_resac_ant_p5_code2bd8999a5dc3_profile_5_per_gpu_gpu2_11/logs/train_reward_mean.npy
144	8	/tmp/scheduleurm_critical_gpu_completion/critical_gpu_completion_v7_node007_r01_20260803_hybrid_rl_resac_ant_p5_code2bd8999a5dc3/critical_gpu_completion_v7_node007_r01_20260803_hybrid_rl_resac_ant_p5_code2bd8999a5dc3_profile_5_per_gpu_gpu2_11/logs/train_reward_std.npy
192	8	/tmp/scheduleurm_critical_gpu_completion/critical_gpu_completion_v7_node007_r01_20260803_hybrid_rl_resac_ant_p5_code2bd8999a5dc3/critical_gpu_completion_v7_node007_r01_20260803_hybrid_rl_resac_ant_p5_code2bd8999a5dc3_profile_5_per_gpu_gpu2_11/logs/eval_reward.npy
192	8	/tmp/scheduleurm_critical_gpu_completion/critical_gpu_completion_v7_node007_r01_20260803_hybrid_rl_resac_ant_p5_code2bd8999a5dc3/critical_gpu_completion_v7_node007_r01_20260803_hybrid_rl_resac_ant_p5_code2bd8999a5dc3_profile_5_per_gpu_gpu2_11/logs/eval_reward_std.npy
448	8	/tmp/scheduleurm_critical_gpu_completion/critical_gpu_completion_v7_node007_r01_20260803_hybrid_rl_resac_ant_p5_code2bd8999a5dc3/critical_gpu_completion_v7_node007_r01_20260803_hybrid_rl_resac_ant_p5_code2bd8999a5dc3_profile_5_per_gpu_gpu2_11/logs/total_steps.npy
448	8	/tmp/scheduleurm_critical_gpu_completion/critical_gpu_completion_v7_node007_r01_20260803_hybrid_rl_resac_ant_p5_code2bd8999a5dc3/critical_gpu_completion_v7_node007_r01_20260803_hybrid_rl_resac_ant_p5_code2bd8999a5dc3_profile_5_per_gpu_gpu2_11/logs/iteration.npy
448	8	/tmp/scheduleurm_critical_gpu_completion/critical_gpu_completion_v7_node007_r01_20260803_hybrid_rl_resac_ant_p5_code2bd8999a5dc3/critical_gpu_completion_v7_node007_r01_20260803_hybrid_rl_resac_ant_p5_code2bd8999a5dc3_profile_5_per_gpu_gpu2_11/logs/mode_id.npy
432	8	/tmp/scheduleurm_critical_gpu_completion/critical_gpu_completion_v7_node007_r01_20260803_hybrid_rl_resac_ant_p5_code2bd8999a5dc3/critical_gpu_completion_v7_node007_r01_20260803_hybrid_rl_resac_ant_p5_code2bd8999a5dc3_profile_5_per_gpu_gpu2_11/logs/critic_loss.npy
432	8	/tmp/scheduleurm_critical_gpu_completion/critical_gpu_completion_v7_node007_r01_20260803_hybrid_rl_resac_ant_p5_code2bd8999a5dc3/critical_gpu_completion_v7_node007_r01_20260803_hybrid_rl_resac_ant_p5_code2bd8999a5dc3_profile_5_per_gpu_gpu2_11/logs/policy_loss.npy
432	8	/tmp/scheduleurm_critical_gpu_completion/critical_gpu_completion_v7_node007_r01_20260803_hybrid_rl_resac_ant_p5_code2bd8999a5dc3/critical_gpu_completion_v7_node007_r01_20260803_hybrid_rl_resac_ant_p5_code2bd8999a5dc3_profile_5_per_gpu_gpu2_11/logs/alpha.npy
432	8	/tmp/scheduleurm_critical_gpu_completion/critical_gpu_completion_v7_node007_r01_20260803_hybrid_rl_resac_ant_p5_code2bd8999a5dc3/critical_gpu_completion_v7_node007_r01_20260803_hybrid_rl_resac_ant_p5_code2bd8999a5dc3_profile_5_per_gpu_gpu2_11/logs/q_mean.npy
432	8	/tmp/scheduleurm_critical_gpu_completion/critical_gpu_completion_v7_node007_r01_20260803_hybrid_rl_resac_ant_p5_code2bd8999a5dc3/critical_gpu_completion_v7_node007_r01_20260803_hybrid_rl_resac_ant_p5_code2bd8999a5dc3_profile_5_per_gpu_gpu2_11/logs/q_std_mean.npy
432	8	/tmp/scheduleurm_critical_gpu_completion/critical_gpu_completion_v7_node007_r01_20260803_hybrid_rl_resac_ant_p5_code2bd8999a5dc3/critical_gpu_completion_v7_node007_r01_20260803_hybrid_rl_resac_ant_p5_code2bd8999a5dc3_profile_5_per_gpu_gpu2_11/logs/log_prob.npy
432	8	/tmp/scheduleurm_critical_gpu_completion/critical_gpu_completion_v7_node007_r01_20260803_hybrid_rl_resac_ant_p5_code2bd8999a5dc3/critical_gpu_completion_v7_node007_r01_20260803_hybrid_rl_resac_ant_p5_code2bd8999a5dc3_profile_5_per_gpu_gpu2_11/logs/beta_lcb.npy
24116414	47104	/tmp/scheduleurm_critical_gpu_completion/critical_gpu_completion_v7_node007_r01_20260803_hybrid_rl_resac_ant_p5_code2bd8999a5dc3/critical_gpu_completion_v7_node007_r01_20260803_hybrid_rl_resac_ant_p5_code2bd8999a5dc3_profile_5_per_gpu_gpu2_11/checkpoints/iter_0000019/params.pkl
18796571	36720	/tmp/scheduleurm_critical_gpu_completion/critical_gpu_completion_v7_node007_r01_20260803_hybrid_rl_resac_ant_p5_code2bd8999a5dc3/critical_gpu_completion_v7_node007_r01_20260803_hybrid_rl_resac_ant_p5_code2bd8999a5dc3_profile_5_per_gpu_gpu2_11/checkpoints/iter_0000019/replay_buffer.npz
1678	8	/tmp/scheduleurm_critical_gpu_completion/critical_gpu_completion_v7_node007_r01_20260803_hybrid_rl_resac_ant_p5_code2bd8999a5dc3/critical_gpu_completion_v7_node007_r01_20260803_hybrid_rl_resac_ant_p5_code2bd8999a5dc3_profile_5_per_gpu_gpu2_11/checkpoints/iter_0000019/train_state.pkl
52	8	/tmp/scheduleurm_critical_gpu_completion/critical_gpu_completion_v7_node007_r01_20260803_hybrid_rl_resac_ant_p5_code2bd8999a5dc3/critical_gpu_completion_v7_node007_r01_20260803_hybrid_rl_resac_ant_p5_code2bd8999a5dc3_profile_5_per_gpu_gpu2_11/checkpoints/latest_checkpoint.pkl
24116450	47104	/tmp/scheduleurm_critical_gpu_completion/critical_gpu_completion_v7_node007_r01_20260803_hybrid_rl_resac_ant_p5_code2bd8999a5dc3/critical_gpu_completion_v7_node007_r01_20260803_hybrid_rl_resac_ant_p5_code2bd8999a5dc3_profile_5_per_gpu_gpu2_11/checkpoints/iter_0000039/params.pkl
37572932	73392	/tmp/scheduleurm_critical_gpu_completion/critical_gpu_completion_v7_node007_r01_20260803_hybrid_rl_resac_ant_p5_code2bd8999a5dc3/critical_gpu_completion_v7_node007_r01_20260803_hybrid_rl_resac_ant_p5_code2bd8999a5dc3_profile_5_per_gpu_gpu2_11/checkpoints/iter_0000039/replay_buffer.npz
3190	8	/tmp/scheduleurm_critical_gpu_completion/critical_gpu_completion_v7_node007_r01_20260803_hybrid_rl_resac_ant_p5_code2bd8999a5dc3/critical_gpu_completion_v7_node007_r01_20260803_hybrid_rl_resac_ant_p5_code2bd8999a5dc3_profile_5_per_gpu_gpu2_11/checkpoints/iter_0000039/train_state.pkl
144	8	/tmp/scheduleurm_critical_gpu_completion/critical_gpu_completion_v7_node007_r01_20260803_hybrid_rl_resac_ant_p5_code2bd8999a5dc3/critical_gpu_completion_v7_node007_r01_20260803_hybrid_rl_resac_ant_p5_code2bd8999a5dc3_profile_5_per_gpu_gpu2_12/logs/train_reward_mean.npy
144	8	/tmp/scheduleurm_critical_gpu_completion/critical_gpu_completion_v7_node007_r01_20260803_hybrid_rl_resac_ant_p5_code2bd8999a5dc3/critical_gpu_completion_v7_node007_r01_20260803_hybrid_rl_resac_ant_p5_code2bd8999a5dc3_profile_5_per_gpu_gpu2_12/logs/train_reward_std.npy
192	8	/tmp/scheduleurm_critical_gpu_completion/critical_gpu_completion_v7_node007_r01_20260803_hybrid_rl_resac_ant_p5_code2bd8999a5dc3/critical_gpu_completion_v7_node007_r01_20260803_hybrid_rl_resac_ant_p5_code2bd8999a5dc3_profile_5_per_gpu_gpu2_12/logs/eval_reward.npy
192	8	/tmp/scheduleurm_critical_gpu_completion/critical_gpu_completion_v7_node007_r01_20260803_hybrid_rl_resac_ant_p5_code2bd8999a5dc3/critical_gpu_completion_v7_node007_r01_20260803_hybrid_rl_resac_ant_p5_code2bd8999a5dc3_profile_5_per_gpu_gpu2_12/logs/eval_reward_std.npy
448	8	/tmp/scheduleurm_critical_gpu_completion/critical_gpu_completion_v7_node007_r01_20260803_hybrid_rl_resac_ant_p5_code2bd8999a5dc3/critical_gpu_completion_v7_node007_r01_20260803_hybrid_rl_resac_ant_p5_code2bd8999a5dc3_profile_5_per_gpu_gpu2_12/logs/total_steps.npy
448	8	/tmp/scheduleurm_critical_gpu_completion/critical_gpu_completion_v7_node007_r01_20260803_hybrid_rl_resac_ant_p5_code2bd8999a5dc3/critical_gpu_completion_v7_node007_r01_20260803_hybrid_rl_resac_ant_p5_code2bd8999a5dc3_profile_5_per_gpu_gpu2_12/logs/iteration.npy
448	8	/tmp/scheduleurm_critical_gpu_completion/critical_gpu_completion_v7_node007_r01_20260803_hybrid_rl_resac_ant_p5_code2bd8999a5dc3/critical_gpu_completion_v7_node007_r01_20260803_hybrid_rl_resac_ant_p5_code2bd8999a5dc3_profile_5_per_gpu_gpu2_12/logs/mode_id.npy
432	8	/tmp/scheduleurm_critical_gpu_completion/critical_gpu_completion_v7_node007_r01_20260803_hybrid_rl_resac_ant_p5_code2bd8999a5dc3/critical_gpu_completion_v7_node007_r01_20260803_hybrid_rl_resac_ant_p5_code2bd8999a5dc3_profile_5_per_gpu_gpu2_12/logs/critic_loss.npy
432	8	/tmp/scheduleurm_critical_gpu_completion/critical_gpu_completion_v7_node007_r01_20260803_hybrid_rl_resac_ant_p5_code2bd8999a5dc3/critical_gpu_completion_v7_node007_r01_20260803_hybrid_rl_resac_ant_p5_code2bd8999a5dc3_profile_5_per_gpu_gpu2_12/logs/policy_loss.npy
432	8	/tmp/scheduleurm_critical_gpu_completion/critical_gpu_completion_v7_node007_r01_20260803_hybrid_rl_resac_ant_p5_code2bd8999a5dc3/critical_gpu_completion_v7_node007_r01_20260803_hybrid_rl_resac_ant_p5_code2bd8999a5dc3_profile_5_per_gpu_gpu2_12/logs/alpha.npy
432	8	/tmp/scheduleurm_critical_gpu_completion/critical_gpu_completion_v7_node007_r01_20260803_hybrid_rl_resac_ant_p5_code2bd8999a5dc3/critical_gpu_completion_v7_node007_r01_20260803_hybrid_rl_resac_ant_p5_code2bd8999a5dc3_profile_5_per_gpu_gpu2_12/logs/q_mean.npy
432	8	/tmp/scheduleurm_critical_gpu_completion/critical_gpu_completion_v7_node007_r01_20260803_hybrid_rl_resac_ant_p5_code2bd8999a5dc3/critical_gpu_completion_v7_node007_r01_20260803_hybrid_rl_resac_ant_p5_code2bd8999a5dc3_profile_5_per_gpu_gpu2_12/logs/q_std_mean.npy
432	8	/tmp/scheduleurm_critical_gpu_completion/critical_gpu_completion_v7_node007_r01_20260803_hybrid_rl_resac_ant_p5_code2bd8999a5dc3/critical_gpu_completion_v7_node007_r01_20260803_hybrid_rl_resac_ant_p5_code2bd8999a5dc3_profile_5_per_gpu_gpu2_12/logs/log_prob.npy
432	8	/tmp/scheduleurm_critical_gpu_completion/critical_gpu_completion_v7_node007_r01_20260803_hybrid_rl_resac_ant_p5_code2bd8999a5dc3/critical_gpu_completion_v7_node007_r01_20260803_hybrid_rl_resac_ant_p5_code2bd8999a5dc3_profile_5_per_gpu_gpu2_12/logs/beta_lcb.npy
24116414	47104	/tmp/scheduleurm_critical_gpu_completion/critical_gpu_completion_v7_node007_r01_20260803_hybrid_rl_resac_ant_p5_code2bd8999a5dc3/critical_gpu_completion_v7_node007_r01_20260803_hybrid_rl_resac_ant_p5_code2bd8999a5dc3_profile_5_per_gpu_gpu2_12/checkpoints/iter_0000019/params.pkl
18797358	36720	/tmp/scheduleurm_critical_gpu_completion/critical_gpu_completion_v7_node007_r01_20260803_hybrid_rl_resac_ant_p5_code2bd8999a5dc3/critical_gpu_completion_v7_node007_r01_20260803_hybrid_rl_resac_ant_p5_code2bd8999a5dc3_profile_5_per_gpu_gpu2_12/checkpoints/iter_0000019/replay_buffer.npz
1678	8	/tmp/scheduleurm_critical_gpu_completion/critical_gpu_completion_v7_node007_r01_20260803_hybrid_rl_resac_ant_p5_code2bd8999a5dc3/critical_gpu_completion_v7_node007_r01_20260803_hybrid_rl_resac_ant_p5_code2bd8999a5dc3_profile_5_per_gpu_gpu2_12/checkpoints/iter_0000019/train_state.pkl
52	8	/tmp/scheduleurm_critical_gpu_completion/critical_gpu_completion_v7_node007_r01_20260803_hybrid_rl_resac_ant_p5_code2bd8999a5dc3/critical_gpu_completion_v7_node007_r01_20260803_hybrid_rl_resac_ant_p5_code2bd8999a5dc3_profile_5_per_gpu_gpu2_12/checkpoints/latest_checkpoint.pkl
24116450	47104	/tmp/scheduleurm_critical_gpu_completion/critical_gpu_completion_v7_node007_r01_20260803_hybrid_rl_resac_ant_p5_code2bd8999a5dc3/critical_gpu_completion_v7_node007_r01_20260803_hybrid_rl_resac_ant_p5_code2bd8999a5dc3_profile_5_per_gpu_gpu2_12/checkpoints/iter_0000039/params.pkl
37557091	73360	/tmp/scheduleurm_critical_gpu_completion/critical_gpu_completion_v7_node007_r01_20260803_hybrid_rl_resac_ant_p5_code2bd8999a5dc3/critical_gpu_completion_v7_node007_r01_20260803_hybrid_rl_resac_ant_p5_code2bd8999a5dc3_profile_5_per_gpu_gpu2_12/checkpoints/iter_0000039/replay_buffer.npz
3190	8	/tmp/scheduleurm_critical_gpu_completion/critical_gpu_completion_v7_node007_r01_20260803_hybrid_rl_resac_ant_p5_code2bd8999a5dc3/critical_gpu_completion_v7_node007_r01_20260803_hybrid_rl_resac_ant_p5_code2bd8999a5dc3_profile_5_per_gpu_gpu2_12/checkpoints/iter_0000039/train_state.pkl
152	8	/tmp/scheduleurm_critical_gpu_completion/critical_gpu_completion_v7_node007_r01_20260803_hybrid_rl_resac_ant_p5_code2bd8999a5dc3/critical_gpu_completion_v7_node007_r01_20260803_hybrid_rl_resac_ant_p5_code2bd8999a5dc3_profile_5_per_gpu_gpu2_13/logs/train_reward_mean.npy
152	8	/tmp/scheduleurm_critical_gpu_completion/critical_gpu_completion_v7_node007_r01_20260803_hybrid_rl_resac_ant_p5_code2bd8999a5dc3/critical_gpu_completion_v7_node007_r01_20260803_hybrid_rl_resac_ant_p5_code2bd8999a5dc3_profile_5_per_gpu_gpu2_13/logs/train_reward_std.npy
192	8	/tmp/scheduleurm_critical_gpu_completion/critical_gpu_completion_v7_node007_r01_20260803_hybrid_rl_resac_ant_p5_code2bd8999a5dc3/critical_gpu_completion_v7_node007_r01_20260803_hybrid_rl_resac_ant_p5_code2bd8999a5dc3_profile_5_per_gpu_gpu2_13/logs/eval_reward.npy
192	8	/tmp/scheduleurm_critical_gpu_completion/critical_gpu_completion_v7_node007_r01_20260803_hybrid_rl_resac_ant_p5_code2bd8999a5dc3/critical_gpu_completion_v7_node007_r01_20260803_hybrid_rl_resac_ant_p5_code2bd8999a5dc3_profile_5_per_gpu_gpu2_13/logs/eval_reward_std.npy
448	8	/tmp/scheduleurm_critical_gpu_completion/critical_gpu_completion_v7_node007_r01_20260803_hybrid_rl_resac_ant_p5_code2bd8999a5dc3/critical_gpu_completion_v7_node007_r01_20260803_hybrid_rl_resac_ant_p5_code2bd8999a5dc3_profile_5_per_gpu_gpu2_13/logs/total_steps.npy
448	8	/tmp/scheduleurm_critical_gpu_completion/critical_gpu_completion_v7_node007_r01_20260803_hybrid_rl_resac_ant_p5_code2bd8999a5dc3/critical_gpu_completion_v7_node007_r01_20260803_hybrid_rl_resac_ant_p5_code2bd8999a5dc3_profile_5_per_gpu_gpu2_13/logs/iteration.npy
448	8	/tmp/scheduleurm_critical_gpu_completion/critical_gpu_completion_v7_node007_r01_20260803_hybrid_rl_resac_ant_p5_code2bd8999a5dc3/critical_gpu_completion_v7_node007_r01_20260803_hybrid_rl_resac_ant_p5_code2bd8999a5dc3_profile_5_per_gpu_gpu2_13/logs/mode_id.npy
432	8	/tmp/scheduleurm_critical_gpu_completion/critical_gpu_completion_v7_node007_r01_20260803_hybrid_rl_resac_ant_p5_code2bd8999a5dc3/critical_gpu_completion_v7_node007_r01_20260803_hybrid_rl_resac_ant_p5_code2bd8999a5dc3_profile_5_per_gpu_gpu2_13/logs/critic_loss.npy
432	8	/tmp/scheduleurm_critical_gpu_completion/critical_gpu_completion_v7_node007_r01_20260803_hybrid_rl_resac_ant_p5_code2bd8999a5dc3/critical_gpu_completion_v7_node007_r01_20260803_hybrid_rl_resac_ant_p5_code2bd8999a5dc3_profile_5_per_gpu_gpu2_13/logs/policy_loss.npy
432	8	/tmp/scheduleurm_critical_gpu_completion/critical_gpu_completion_v7_node007_r01_20260803_hybrid_rl_resac_ant_p5_code2bd8999a5dc3/critical_gpu_completion_v7_node007_r01_20260803_hybrid_rl_resac_ant_p5_code2bd8999a5dc3_profile_5_per_gpu_gpu2_13/logs/alpha.npy
432	8	/tmp/scheduleurm_critical_gpu_completion/critical_gpu_completion_v7_node007_r01_20260803_hybrid_rl_resac_ant_p5_code2bd8999a5dc3/critical_gpu_completion_v7_node007_r01_20260803_hybrid_rl_resac_ant_p5_code2bd8999a5dc3_profile_5_per_gpu_gpu2_13/logs/q_mean.npy
432	8	/tmp/scheduleurm_critical_gpu_completion/critical_gpu_completion_v7_node007_r01_20260803_hybrid_rl_resac_ant_p5_code2bd8999a5dc3/critical_gpu_completion_v7_node007_r01_20260803_hybrid_rl_resac_ant_p5_code2bd8999a5dc3_profile_5_per_gpu_gpu2_13/logs/q_std_mean.npy
432	8	/tmp/scheduleurm_critical_gpu_completion/critical_gpu_completion_v7_node007_r01_20260803_hybrid_rl_resac_ant_p5_code2bd8999a5dc3/critical_gpu_completion_v7_node007_r01_20260803_hybrid_rl_resac_ant_p5_code2bd8999a5dc3_profile_5_per_gpu_gpu2_13/logs/log_prob.npy
432	8	/tmp/scheduleurm_critical_gpu_completion/critical_gpu_completion_v7_node007_r01_20260803_hybrid_rl_resac_ant_p5_code2bd8999a5dc3/critical_gpu_completion_v7_node007_r01_20260803_hybrid_rl_resac_ant_p5_code2bd8999a5dc3_profile_5_per_gpu_gpu2_13/logs/beta_lcb.npy
24116414	47104	/tmp/scheduleurm_critical_gpu_completion/critical_gpu_completion_v7_node007_r01_20260803_hybrid_rl_resac_ant_p5_code2bd8999a5dc3/critical_gpu_completion_v7_node007_r01_20260803_hybrid_rl_resac_ant_p5_code2bd8999a5dc3_profile_5_per_gpu_gpu2_13/checkpoints/iter_0000019/params.pkl
18794131	36712	/tmp/scheduleurm_critical_gpu_completion/critical_gpu_completion_v7_node007_r01_20260803_hybrid_rl_resac_ant_p5_code2bd8999a5dc3/critical_gpu_completion_v7_node007_r01_20260803_hybrid_rl_resac_ant_p5_code2bd8999a5dc3_profile_5_per_gpu_gpu2_13/checkpoints/iter_0000019/replay_buffer.npz
1696	8	/tmp/scheduleurm_critical_gpu_completion/critical_gpu_completion_v7_node007_r01_20260803_hybrid_rl_resac_ant_p5_code2bd8999a5dc3/critical_gpu_completion_v7_node007_r01_20260803_hybrid_rl_resac_ant_p5_code2bd8999a5dc3_profile_5_per_gpu_gpu2_13/checkpoints/iter_0000019/train_state.pkl
52	8	/tmp/scheduleurm_critical_gpu_completion/critical_gpu_completion_v7_node007_r01_20260803_hybrid_rl_resac_ant_p5_code2bd8999a5dc3/critical_gpu_completion_v7_node007_r01_20260803_hybrid_rl_resac_ant_p5_code2bd8999a5dc3_profile_5_per_gpu_gpu2_13/checkpoints/latest_checkpoint.pkl
24116450	47104	/tmp/scheduleurm_critical_gpu_completion/critical_gpu_completion_v7_node007_r01_20260803_hybrid_rl_resac_ant_p5_code2bd8999a5dc3/critical_gpu_completion_v7_node007_r01_20260803_hybrid_rl_resac_ant_p5_code2bd8999a5dc3_profile_5_per_gpu_gpu2_13/checkpoints/iter_0000039/params.pkl
37573377	73392	/tmp/scheduleurm_critical_gpu_completion/critical_gpu_completion_v7_node007_r01_20260803_hybrid_rl_resac_ant_p5_code2bd8999a5dc3/critical_gpu_completion_v7_node007_r01_20260803_hybrid_rl_resac_ant_p5_code2bd8999a5dc3_profile_5_per_gpu_gpu2_13/checkpoints/iter_0000039/replay_buffer.npz
3208	8	/tmp/scheduleurm_critical_gpu_completion/critical_gpu_completion_v7_node007_r01_20260803_hybrid_rl_resac_ant_p5_code2bd8999a5dc3/critical_gpu_completion_v7_node007_r01_20260803_hybrid_rl_resac_ant_p5_code2bd8999a5dc3_profile_5_per_gpu_gpu2_13/checkpoints/iter_0000039/train_state.pkl
152	8	/tmp/scheduleurm_critical_gpu_completion/critical_gpu_completion_v7_node007_r01_20260803_hybrid_rl_resac_ant_p5_code2bd8999a5dc3/critical_gpu_completion_v7_node007_r01_20260803_hybrid_rl_resac_ant_p5_code2bd8999a5dc3_profile_5_per_gpu_gpu2_14/logs/train_reward_mean.npy
152	8	/tmp/scheduleurm_critical_gpu_completion/critical_gpu_completion_v7_node007_r01_20260803_hybrid_rl_resac_ant_p5_code2bd8999a5dc3/critical_gpu_completion_v7_node007_r01_20260803_hybrid_rl_resac_ant_p5_code2bd8999a5dc3_profile_5_per_gpu_gpu2_14/logs/train_reward_std.npy
192	8	/tmp/scheduleurm_critical_gpu_completion/critical_gpu_completion_v7_node007_r01_20260803_hybrid_rl_resac_ant_p5_code2bd8999a5dc3/critical_gpu_completion_v7_node007_r01_20260803_hybrid_rl_resac_ant_p5_code2bd8999a5dc3_profile_5_per_gpu_gpu2_14/logs/eval_reward.npy
192	8	/tmp/scheduleurm_critical_gpu_completion/critical_gpu_completion_v7_node007_r01_20260803_hybrid_rl_resac_ant_p5_code2bd8999a5dc3/critical_gpu_completion_v7_node007_r01_20260803_hybrid_rl_resac_ant_p5_code2bd8999a5dc3_profile_5_per_gpu_gpu2_14/logs/eval_reward_std.npy
448	8	/tmp/scheduleurm_critical_gpu_completion/critical_gpu_completion_v7_node007_r01_20260803_hybrid_rl_resac_ant_p5_code2bd8999a5dc3/critical_gpu_completion_v7_node007_r01_20260803_hybrid_rl_resac_ant_p5_code2bd8999a5dc3_profile_5_per_gpu_gpu2_14/logs/total_steps.npy
448	8	/tmp/scheduleurm_critical_gpu_completion/critical_gpu_completion_v7_node007_r01_20260803_hybrid_rl_resac_ant_p5_code2bd8999a5dc3/critical_gpu_completion_v7_node007_r01_20260803_hybrid_rl_resac_ant_p5_code2bd8999a5dc3_profile_5_per_gpu_gpu2_14/logs/iteration.npy
448	8	/tmp/scheduleurm_critical_gpu_completion/critical_gpu_completion_v7_node007_r01_20260803_hybrid_rl_resac_ant_p5_code2bd8999a5dc3/critical_gpu_completion_v7_node007_r01_20260803_hybrid_rl_resac_ant_p5_code2bd8999a5dc3_profile_5_per_gpu_gpu2_14/logs/mode_id.npy
432	8	/tmp/scheduleurm_critical_gpu_completion/critical_gpu_completion_v7_node007_r01_20260803_hybrid_rl_resac_ant_p5_code2bd8999a5dc3/critical_gpu_completion_v7_node007_r01_20260803_hybrid_rl_resac_ant_p5_code2bd8999a5dc3_profile_5_per_gpu_gpu2_14/logs/critic_loss.npy
432	8	/tmp/scheduleurm_critical_gpu_completion/critical_gpu_completion_v7_node007_r01_20260803_hybrid_rl_resac_ant_p5_code2bd8999a5dc3/critical_gpu_completion_v7_node007_r01_20260803_hybrid_rl_resac_ant_p5_code2bd8999a5dc3_profile_5_per_gpu_gpu2_14/logs/policy_loss.npy
432	8	/tmp/scheduleurm_critical_gpu_completion/critical_gpu_completion_v7_node007_r01_20260803_hybrid_rl_resac_ant_p5_code2bd8999a5dc3/critical_gpu_completion_v7_node007_r01_20260803_hybrid_rl_resac_ant_p5_code2bd8999a5dc3_profile_5_per_gpu_gpu2_14/logs/alpha.npy
432	8	/tmp/scheduleurm_critical_gpu_completion/critical_gpu_completion_v7_node007_r01_20260803_hybrid_rl_resac_ant_p5_code2bd8999a5dc3/critical_gpu_completion_v7_node007_r01_20260803_hybrid_rl_resac_ant_p5_code2bd8999a5dc3_profile_5_per_gpu_gpu2_14/logs/q_mean.npy
432	8	/tmp/scheduleurm_critical_gpu_completion/critical_gpu_completion_v7_node007_r01_20260803_hybrid_rl_resac_ant_p5_code2bd8999a5dc3/critical_gpu_completion_v7_node007_r01_20260803_hybrid_rl_resac_ant_p5_code2bd8999a5dc3_profile_5_per_gpu_gpu2_14/logs/q_std_mean.npy
432	8	/tmp/scheduleurm_critical_gpu_completion/critical_gpu_completion_v7_node007_r01_20260803_hybrid_rl_resac_ant_p5_code2bd8999a5dc3/critical_gpu_completion_v7_node007_r01_20260803_hybrid_rl_resac_ant_p5_code2bd8999a5dc3_profile_5_per_gpu_gpu2_14/logs/log_prob.npy
432	8	/tmp/scheduleurm_critical_gpu_completion/critical_gpu_completion_v7_node007_r01_20260803_hybrid_rl_resac_ant_p5_code2bd8999a5dc3/critical_gpu_completion_v7_node007_r01_20260803_hybrid_rl_resac_ant_p5_code2bd8999a5dc3_profile_5_per_gpu_gpu2_14/logs/beta_lcb.npy
24116414	47104	/tmp/scheduleurm_critical_gpu_completion/critical_gpu_completion_v7_node007_r01_20260803_hybrid_rl_resac_ant_p5_code2bd8999a5dc3/critical_gpu_completion_v7_node007_r01_20260803_hybrid_rl_resac_ant_p5_code2bd8999a5dc3_profile_5_per_gpu_gpu2_14/checkpoints/iter_0000019/params.pkl
18799068	36720	/tmp/scheduleurm_critical_gpu_completion/critical_gpu_completion_v7_node007_r01_20260803_hybrid_rl_resac_ant_p5_code2bd8999a5dc3/critical_gpu_completion_v7_node007_r01_20260803_hybrid_rl_resac_ant_p5_code2bd8999a5dc3_profile_5_per_gpu_gpu2_14/checkpoints/iter_0000019/replay_buffer.npz
1696	8	/tmp/scheduleurm_critical_gpu_completion/critical_gpu_completion_v7_node007_r01_20260803_hybrid_rl_resac_ant_p5_code2bd8999a5dc3/critical_gpu_completion_v7_node007_r01_20260803_hybrid_rl_resac_ant_p5_code2bd8999a5dc3_profile_5_per_gpu_gpu2_14/checkpoints/iter_0000019/train_state.pkl
52	8	/tmp/scheduleurm_critical_gpu_completion/critical_gpu_completion_v7_node007_r01_20260803_hybrid_rl_resac_ant_p5_code2bd8999a5dc3/critical_gpu_completion_v7_node007_r01_20260803_hybrid_rl_resac_ant_p5_code2bd8999a5dc3_profile_5_per_gpu_gpu2_14/checkpoints/latest_checkpoint.pkl
24116450	47104	/tmp/scheduleurm_critical_gpu_completion/critical_gpu_completion_v7_node007_r01_20260803_hybrid_rl_resac_ant_p5_code2bd8999a5dc3/critical_gpu_completion_v7_node007_r01_20260803_hybrid_rl_resac_ant_p5_code2bd8999a5dc3_profile_5_per_gpu_gpu2_14/checkpoints/iter_0000039/params.pkl
37575397	73392	/tmp/scheduleurm_critical_gpu_completion/critical_gpu_completion_v7_node007_r01_20260803_hybrid_rl_resac_ant_p5_code2bd8999a5dc3/critical_gpu_completion_v7_node007_r01_20260803_hybrid_rl_resac_ant_p5_code2bd8999a5dc3_profile_5_per_gpu_gpu2_14/checkpoints/iter_0000039/replay_buffer.npz
3208	8	/tmp/scheduleurm_critical_gpu_completion/critical_gpu_completion_v7_node007_r01_20260803_hybrid_rl_resac_ant_p5_code2bd8999a5dc3/critical_gpu_completion_v7_node007_r01_20260803_hybrid_rl_resac_ant_p5_code2bd8999a5dc3_profile_5_per_gpu_gpu2_14/checkpoints/iter_0000039/train_state.pkl
192	8	/tmp/scheduleurm_critical_gpu_completion/critical_gpu_completion_v7_node007_r01_20260803_hybrid_rl_resac_ant_p5_code2bd8999a5dc3/critical_gpu_completion_v7_node007_r01_20260803_hybrid_rl_resac_ant_p5_code2bd8999a5dc3_profile_5_per_gpu_gpu3_15/logs/eval_reward.npy
192	8	/tmp/scheduleurm_critical_gpu_completion/critical_gpu_completion_v7_node007_r01_20260803_hybrid_rl_resac_ant_p5_code2bd8999a5dc3/critical_gpu_completion_v7_node007_r01_20260803_hybrid_rl_resac_ant_p5_code2bd8999a5dc3_profile_5_per_gpu_gpu3_15/logs/eval_reward_std.npy
448	8	/tmp/scheduleurm_critical_gpu_completion/critical_gpu_completion_v7_node007_r01_20260803_hybrid_rl_resac_ant_p5_code2bd8999a5dc3/critical_gpu_completion_v7_node007_r01_20260803_hybrid_rl_resac_ant_p5_code2bd8999a5dc3_profile_5_per_gpu_gpu3_15/logs/total_steps.npy
448	8	/tmp/scheduleurm_critical_gpu_completion/critical_gpu_completion_v7_node007_r01_20260803_hybrid_rl_resac_ant_p5_code2bd8999a5dc3/critical_gpu_completion_v7_node007_r01_20260803_hybrid_rl_resac_ant_p5_code2bd8999a5dc3_profile_5_per_gpu_gpu3_15/logs/iteration.npy
448	8	/tmp/scheduleurm_critical_gpu_completion/critical_gpu_completion_v7_node007_r01_20260803_hybrid_rl_resac_ant_p5_code2bd8999a5dc3/critical_gpu_completion_v7_node007_r01_20260803_hybrid_rl_resac_ant_p5_code2bd8999a5dc3_profile_5_per_gpu_gpu3_15/logs/mode_id.npy
136	8	/tmp/scheduleurm_critical_gpu_completion/critical_gpu_completion_v7_node007_r01_20260803_hybrid_rl_resac_ant_p5_code2bd8999a5dc3/critical_gpu_completion_v7_node007_r01_20260803_hybrid_rl_resac_ant_p5_code2bd8999a5dc3_profile_5_per_gpu_gpu3_15/logs/train_reward_mean.npy
136	8	/tmp/scheduleurm_critical_gpu_completion/critical_gpu_completion_v7_node007_r01_20260803_hybrid_rl_resac_ant_p5_code2bd8999a5dc3/critical_gpu_completion_v7_node007_r01_20260803_hybrid_rl_resac_ant_p5_code2bd8999a5dc3_profile_5_per_gpu_gpu3_15/logs/train_reward_std.npy
432	8	/tmp/scheduleurm_critical_gpu_completion/critical_gpu_completion_v7_node007_r01_20260803_hybrid_rl_resac_ant_p5_code2bd8999a5dc3/critical_gpu_completion_v7_node007_r01_20260803_hybrid_rl_resac_ant_p5_code2bd8999a5dc3_profile_5_per_gpu_gpu3_15/logs/critic_loss.npy
432	8	/tmp/scheduleurm_critical_gpu_completion/critical_gpu_completion_v7_node007_r01_20260803_hybrid_rl_resac_ant_p5_code2bd8999a5dc3/critical_gpu_completion_v7_node007_r01_20260803_hybrid_rl_resac_ant_p5_code2bd8999a5dc3_profile_5_per_gpu_gpu3_15/logs/policy_loss.npy
432	8	/tmp/scheduleurm_critical_gpu_completion/critical_gpu_completion_v7_node007_r01_20260803_hybrid_rl_resac_ant_p5_code2bd8999a5dc3/critical_gpu_completion_v7_node007_r01_20260803_hybrid_rl_resac_ant_p5_code2bd8999a5dc3_profile_5_per_gpu_gpu3_15/logs/alpha.npy
432	8	/tmp/scheduleurm_critical_gpu_completion/critical_gpu_completion_v7_node007_r01_20260803_hybrid_rl_resac_ant_p5_code2bd8999a5dc3/critical_gpu_completion_v7_node007_r01_20260803_hybrid_rl_resac_ant_p5_code2bd8999a5dc3_profile_5_per_gpu_gpu3_15/logs/q_mean.npy
432	8	/tmp/scheduleurm_critical_gpu_completion/critical_gpu_completion_v7_node007_r01_20260803_hybrid_rl_resac_ant_p5_code2bd8999a5dc3/critical_gpu_completion_v7_node007_r01_20260803_hybrid_rl_resac_ant_p5_code2bd8999a5dc3_profile_5_per_gpu_gpu3_15/logs/q_std_mean.npy
432	8	/tmp/scheduleurm_critical_gpu_completion/critical_gpu_completion_v7_node007_r01_20260803_hybrid_rl_resac_ant_p5_code2bd8999a5dc3/critical_gpu_completion_v7_node007_r01_20260803_hybrid_rl_resac_ant_p5_code2bd8999a5dc3_profile_5_per_gpu_gpu3_15/logs/log_prob.npy
432	8	/tmp/scheduleurm_critical_gpu_completion/critical_gpu_completion_v7_node007_r01_20260803_hybrid_rl_resac_ant_p5_code2bd8999a5dc3/critical_gpu_completion_v7_node007_r01_20260803_hybrid_rl_resac_ant_p5_code2bd8999a5dc3_profile_5_per_gpu_gpu3_15/logs/beta_lcb.npy
24116414	47104	/tmp/scheduleurm_critical_gpu_completion/critical_gpu_completion_v7_node007_r01_20260803_hybrid_rl_resac_ant_p5_code2bd8999a5dc3/critical_gpu_completion_v7_node007_r01_20260803_hybrid_rl_resac_ant_p5_code2bd8999a5dc3_profile_5_per_gpu_gpu3_15/checkpoints/iter_0000019/params.pkl
18796267	36712	/tmp/scheduleurm_critical_gpu_completion/critical_gpu_completion_v7_node007_r01_20260803_hybrid_rl_resac_ant_p5_code2bd8999a5dc3/critical_gpu_completion_v7_node007_r01_20260803_hybrid_rl_resac_ant_p5_code2bd8999a5dc3_profile_5_per_gpu_gpu3_15/checkpoints/iter_0000019/replay_buffer.npz
1658	8	/tmp/scheduleurm_critical_gpu_completion/critical_gpu_completion_v7_node007_r01_20260803_hybrid_rl_resac_ant_p5_code2bd8999a5dc3/critical_gpu_completion_v7_node007_r01_20260803_hybrid_rl_resac_ant_p5_code2bd8999a5dc3_profile_5_per_gpu_gpu3_15/checkpoints/iter_0000019/train_state.pkl
52	8	/tmp/scheduleurm_critical_gpu_completion/critical_gpu_completion_v7_node007_r01_20260803_hybrid_rl_resac_ant_p5_code2bd8999a5dc3/critical_gpu_completion_v7_node007_r01_20260803_hybrid_rl_resac_ant_p5_code2bd8999a5dc3_profile_5_per_gpu_gpu3_15/checkpoints/latest_checkpoint.pkl
24116450	47104	/tmp/scheduleurm_critical_gpu_completion/critical_gpu_completion_v7_node007_r01_20260803_hybrid_rl_resac_ant_p5_code2bd8999a5dc3/critical_gpu_completion_v7_node007_r01_20260803_hybrid_rl_resac_ant_p5_code2bd8999a5dc3_profile_5_per_gpu_gpu3_15/checkpoints/iter_0000039/params.pkl
37570982	73384	/tmp/scheduleurm_critical_gpu_completion/critical_gpu_completion_v7_node007_r01_20260803_hybrid_rl_resac_ant_p5_code2bd8999a5dc3/critical_gpu_completion_v7_node007_r01_20260803_hybrid_rl_resac_ant_p5_code2bd8999a5dc3_profile_5_per_gpu_gpu3_15/checkpoints/iter_0000039/replay_buffer.npz
3170	8	/tmp/scheduleurm_critical_gpu_completion/critical_gpu_completion_v7_node007_r01_20260803_hybrid_rl_resac_ant_p5_code2bd8999a5dc3/critical_gpu_completion_v7_node007_r01_20260803_hybrid_rl_resac_ant_p5_code2bd8999a5dc3_profile_5_per_gpu_gpu3_15/checkpoints/iter_0000039/train_state.pkl
152	8	/tmp/scheduleurm_critical_gpu_completion/critical_gpu_completion_v7_node007_r01_20260803_hybrid_rl_resac_ant_p5_code2bd8999a5dc3/critical_gpu_completion_v7_node007_r01_20260803_hybrid_rl_resac_ant_p5_code2bd8999a5dc3_profile_5_per_gpu_gpu3_16/logs/train_reward_mean.npy
152	8	/tmp/scheduleurm_critical_gpu_completion/critical_gpu_completion_v7_node007_r01_20260803_hybrid_rl_resac_ant_p5_code2bd8999a5dc3/critical_gpu_completion_v7_node007_r01_20260803_hybrid_rl_resac_ant_p5_code2bd8999a5dc3_profile_5_per_gpu_gpu3_16/logs/train_reward_std.npy
192	8	/tmp/scheduleurm_critical_gpu_completion/critical_gpu_completion_v7_node007_r01_20260803_hybrid_rl_resac_ant_p5_code2bd8999a5dc3/critical_gpu_completion_v7_node007_r01_20260803_hybrid_rl_resac_ant_p5_code2bd8999a5dc3_profile_5_per_gpu_gpu3_16/logs/eval_reward.npy
192	8	/tmp/scheduleurm_critical_gpu_completion/critical_gpu_completion_v7_node007_r01_20260803_hybrid_rl_resac_ant_p5_code2bd8999a5dc3/critical_gpu_completion_v7_node007_r01_20260803_hybrid_rl_resac_ant_p5_code2bd8999a5dc3_profile_5_per_gpu_gpu3_16/logs/eval_reward_std.npy
448	8	/tmp/scheduleurm_critical_gpu_completion/critical_gpu_completion_v7_node007_r01_20260803_hybrid_rl_resac_ant_p5_code2bd8999a5dc3/critical_gpu_completion_v7_node007_r01_20260803_hybrid_rl_resac_ant_p5_code2bd8999a5dc3_profile_5_per_gpu_gpu3_16/logs/total_steps.npy
448	8	/tmp/scheduleurm_critical_gpu_completion/critical_gpu_completion_v7_node007_r01_20260803_hybrid_rl_resac_ant_p5_code2bd8999a5dc3/critical_gpu_completion_v7_node007_r01_20260803_hybrid_rl_resac_ant_p5_code2bd8999a5dc3_profile_5_per_gpu_gpu3_16/logs/iteration.npy
448	8	/tmp/scheduleurm_critical_gpu_completion/critical_gpu_completion_v7_node007_r01_20260803_hybrid_rl_resac_ant_p5_code2bd8999a5dc3/critical_gpu_completion_v7_node007_r01_20260803_hybrid_rl_resac_ant_p5_code2bd8999a5dc3_profile_5_per_gpu_gpu3_16/logs/mode_id.npy
432	8	/tmp/scheduleurm_critical_gpu_completion/critical_gpu_completion_v7_node007_r01_20260803_hybrid_rl_resac_ant_p5_code2bd8999a5dc3/critical_gpu_completion_v7_node007_r01_20260803_hybrid_rl_resac_ant_p5_code2bd8999a5dc3_profile_5_per_gpu_gpu3_16/logs/critic_loss.npy
432	8	/tmp/scheduleurm_critical_gpu_completion/critical_gpu_completion_v7_node007_r01_20260803_hybrid_rl_resac_ant_p5_code2bd8999a5dc3/critical_gpu_completion_v7_node007_r01_20260803_hybrid_rl_resac_ant_p5_code2bd8999a5dc3_profile_5_per_gpu_gpu3_16/logs/policy_loss.npy
432	8	/tmp/scheduleurm_critical_gpu_completion/critical_gpu_completion_v7_node007_r01_20260803_hybrid_rl_resac_ant_p5_code2bd8999a5dc3/critical_gpu_completion_v7_node007_r01_20260803_hybrid_rl_resac_ant_p5_code2bd8999a5dc3_profile_5_per_gpu_gpu3_16/logs/alpha.npy
432	8	/tmp/scheduleurm_critical_gpu_completion/critical_gpu_completion_v7_node007_r01_20260803_hybrid_rl_resac_ant_p5_code2bd8999a5dc3/critical_gpu_completion_v7_node007_r01_20260803_hybrid_rl_resac_ant_p5_code2bd8999a5dc3_profile_5_per_gpu_gpu3_16/logs/q_mean.npy
432	8	/tmp/scheduleurm_critical_gpu_completion/critical_gpu_completion_v7_node007_r01_20260803_hybrid_rl_resac_ant_p5_code2bd8999a5dc3/critical_gpu_completion_v7_node007_r01_20260803_hybrid_rl_resac_ant_p5_code2bd8999a5dc3_profile_5_per_gpu_gpu3_16/logs/q_std_mean.npy
432	8	/tmp/scheduleurm_critical_gpu_completion/critical_gpu_completion_v7_node007_r01_20260803_hybrid_rl_resac_ant_p5_code2bd8999a5dc3/critical_gpu_completion_v7_node007_r01_20260803_hybrid_rl_resac_ant_p5_code2bd8999a5dc3_profile_5_per_gpu_gpu3_16/logs/log_prob.npy
432	8	/tmp/scheduleurm_critical_gpu_completion/critical_gpu_completion_v7_node007_r01_20260803_hybrid_rl_resac_ant_p5_code2bd8999a5dc3/critical_gpu_completion_v7_node007_r01_20260803_hybrid_rl_resac_ant_p5_code2bd8999a5dc3_profile_5_per_gpu_gpu3_16/logs/beta_lcb.npy
24116414	47104	/tmp/scheduleurm_critical_gpu_completion/critical_gpu_completion_v7_node007_r01_20260803_hybrid_rl_resac_ant_p5_code2bd8999a5dc3/critical_gpu_completion_v7_node007_r01_20260803_hybrid_rl_resac_ant_p5_code2bd8999a5dc3_profile_5_per_gpu_gpu3_16/checkpoints/iter_0000019/params.pkl
18800467	36720	/tmp/scheduleurm_critical_gpu_completion/critical_gpu_completion_v7_node007_r01_20260803_hybrid_rl_resac_ant_p5_code2bd8999a5dc3/critical_gpu_completion_v7_node007_r01_20260803_hybrid_rl_resac_ant_p5_code2bd8999a5dc3_profile_5_per_gpu_gpu3_16/checkpoints/iter_0000019/replay_buffer.npz
1696	8	/tmp/scheduleurm_critical_gpu_completion/critical_gpu_completion_v7_node007_r01_20260803_hybrid_rl_resac_ant_p5_code2bd8999a5dc3/critical_gpu_completion_v7_node007_r01_20260803_hybrid_rl_resac_ant_p5_code2bd8999a5dc3_profile_5_per_gpu_gpu3_16/checkpoints/iter_0000019/train_state.pkl
52	8	/tmp/scheduleurm_critical_gpu_completion/critical_gpu_completion_v7_node007_r01_20260803_hybrid_rl_resac_ant_p5_code2bd8999a5dc3/critical_gpu_completion_v7_node007_r01_20260803_hybrid_rl_resac_ant_p5_code2bd8999a5dc3_profile_5_per_gpu_gpu3_16/checkpoints/latest_checkpoint.pkl
24116450	47104	/tmp/scheduleurm_critical_gpu_completion/critical_gpu_completion_v7_node007_r01_20260803_hybrid_rl_resac_ant_p5_code2bd8999a5dc3/critical_gpu_completion_v7_node007_r01_20260803_hybrid_rl_resac_ant_p5_code2bd8999a5dc3_profile_5_per_gpu_gpu3_16/checkpoints/iter_0000039/params.pkl
37579547	73400	/tmp/scheduleurm_critical_gpu_completion/critical_gpu_completion_v7_node007_r01_20260803_hybrid_rl_resac_ant_p5_code2bd8999a5dc3/critical_gpu_completion_v7_node007_r01_20260803_hybrid_rl_resac_ant_p5_code2bd8999a5dc3_profile_5_per_gpu_gpu3_16/checkpoints/iter_0000039/replay_buffer.npz
3208	8	/tmp/scheduleurm_critical_gpu_completion/critical_gpu_completion_v7_node007_r01_20260803_hybrid_rl_resac_ant_p5_code2bd8999a5dc3/critical_gpu_completion_v7_node007_r01_20260803_hybrid_rl_resac_ant_p5_code2bd8999a5dc3_profile_5_per_gpu_gpu3_16/checkpoints/iter_0000039/train_state.pkl
152	8	/tmp/scheduleurm_critical_gpu_completion/critical_gpu_completion_v7_node007_r01_20260803_hybrid_rl_resac_ant_p5_code2bd8999a5dc3/critical_gpu_completion_v7_node007_r01_20260803_hybrid_rl_resac_ant_p5_code2bd8999a5dc3_profile_5_per_gpu_gpu3_17/logs/train_reward_mean.npy
152	8	/tmp/scheduleurm_critical_gpu_completion/critical_gpu_completion_v7_node007_r01_20260803_hybrid_rl_resac_ant_p5_code2bd8999a5dc3/critical_gpu_completion_v7_node007_r01_20260803_hybrid_rl_resac_ant_p5_code2bd8999a5dc3_profile_5_per_gpu_gpu3_17/logs/train_reward_std.npy
192	8	/tmp/scheduleurm_critical_gpu_completion/critical_gpu_completion_v7_node007_r01_20260803_hybrid_rl_resac_ant_p5_code2bd8999a5dc3/critical_gpu_completion_v7_node007_r01_20260803_hybrid_rl_resac_ant_p5_code2bd8999a5dc3_profile_5_per_gpu_gpu3_17/logs/eval_reward.npy
192	8	/tmp/scheduleurm_critical_gpu_completion/critical_gpu_completion_v7_node007_r01_20260803_hybrid_rl_resac_ant_p5_code2bd8999a5dc3/critical_gpu_completion_v7_node007_r01_20260803_hybrid_rl_resac_ant_p5_code2bd8999a5dc3_profile_5_per_gpu_gpu3_17/logs/eval_reward_std.npy
448	8	/tmp/scheduleurm_critical_gpu_completion/critical_gpu_completion_v7_node007_r01_20260803_hybrid_rl_resac_ant_p5_code2bd8999a5dc3/critical_gpu_completion_v7_node007_r01_20260803_hybrid_rl_resac_ant_p5_code2bd8999a5dc3_profile_5_per_gpu_gpu3_17/logs/total_steps.npy
448	8	/tmp/scheduleurm_critical_gpu_completion/critical_gpu_completion_v7_node007_r01_20260803_hybrid_rl_resac_ant_p5_code2bd8999a5dc3/critical_gpu_completion_v7_node007_r01_20260803_hybrid_rl_resac_ant_p5_code2bd8999a5dc3_profile_5_per_gpu_gpu3_17/logs/iteration.npy
448	8	/tmp/scheduleurm_critical_gpu_completion/critical_gpu_completion_v7_node007_r01_20260803_hybrid_rl_resac_ant_p5_code2bd8999a5dc3/critical_gpu_completion_v7_node007_r01_20260803_hybrid_rl_resac_ant_p5_code2bd8999a5dc3_profile_5_per_gpu_gpu3_17/logs/mode_id.npy
432	8	/tmp/scheduleurm_critical_gpu_completion/critical_gpu_completion_v7_node007_r01_20260803_hybrid_rl_resac_ant_p5_code2bd8999a5dc3/critical_gpu_completion_v7_node007_r01_20260803_hybrid_rl_resac_ant_p5_code2bd8999a5dc3_profile_5_per_gpu_gpu3_17/logs/critic_loss.npy
432	8	/tmp/scheduleurm_critical_gpu_completion/critical_gpu_completion_v7_node007_r01_20260803_hybrid_rl_resac_ant_p5_code2bd8999a5dc3/critical_gpu_completion_v7_node007_r01_20260803_hybrid_rl_resac_ant_p5_code2bd8999a5dc3_profile_5_per_gpu_gpu3_17/logs/policy_loss.npy
432	8	/tmp/scheduleurm_critical_gpu_completion/critical_gpu_completion_v7_node007_r01_20260803_hybrid_rl_resac_ant_p5_code2bd8999a5dc3/critical_gpu_completion_v7_node007_r01_20260803_hybrid_rl_resac_ant_p5_code2bd8999a5dc3_profile_5_per_gpu_gpu3_17/logs/alpha.npy
432	8	/tmp/scheduleurm_critical_gpu_completion/critical_gpu_completion_v7_node007_r01_20260803_hybrid_rl_resac_ant_p5_code2bd8999a5dc3/critical_gpu_completion_v7_node007_r01_20260803_hybrid_rl_resac_ant_p5_code2bd8999a5dc3_profile_5_per_gpu_gpu3_17/logs/q_mean.npy
432	8	/tmp/scheduleurm_critical_gpu_completion/critical_gpu_completion_v7_node007_r01_20260803_hybrid_rl_resac_ant_p5_code2bd8999a5dc3/critical_gpu_completion_v7_node007_r01_20260803_hybrid_rl_resac_ant_p5_code2bd8999a5dc3_profile_5_per_gpu_gpu3_17/logs/q_std_mean.npy
432	8	/tmp/scheduleurm_critical_gpu_completion/critical_gpu_completion_v7_node007_r01_20260803_hybrid_rl_resac_ant_p5_code2bd8999a5dc3/critical_gpu_completion_v7_node007_r01_20260803_hybrid_rl_resac_ant_p5_code2bd8999a5dc3_profile_5_per_gpu_gpu3_17/logs/log_prob.npy
432	8	/tmp/scheduleurm_critical_gpu_completion/critical_gpu_completion_v7_node007_r01_20260803_hybrid_rl_resac_ant_p5_code2bd8999a5dc3/critical_gpu_completion_v7_node007_r01_20260803_hybrid_rl_resac_ant_p5_code2bd8999a5dc3_profile_5_per_gpu_gpu3_17/logs/beta_lcb.npy
24116414	47104	/tmp/scheduleurm_critical_gpu_completion/critical_gpu_completion_v7_node007_r01_20260803_hybrid_rl_resac_ant_p5_code2bd8999a5dc3/critical_gpu_completion_v7_node007_r01_20260803_hybrid_rl_resac_ant_p5_code2bd8999a5dc3_profile_5_per_gpu_gpu3_17/checkpoints/iter_0000019/params.pkl
18797192	36720	/tmp/scheduleurm_critical_gpu_completion/critical_gpu_completion_v7_node007_r01_20260803_hybrid_rl_resac_ant_p5_code2bd8999a5dc3/critical_gpu_completion_v7_node007_r01_20260803_hybrid_rl_resac_ant_p5_code2bd8999a5dc3_profile_5_per_gpu_gpu3_17/checkpoints/iter_0000019/replay_buffer.npz
1696	8	/tmp/scheduleurm_critical_gpu_completion/critical_gpu_completion_v7_node007_r01_20260803_hybrid_rl_resac_ant_p5_code2bd8999a5dc3/critical_gpu_completion_v7_node007_r01_20260803_hybrid_rl_resac_ant_p5_code2bd8999a5dc3_profile_5_per_gpu_gpu3_17/checkpoints/iter_0000019/train_state.pkl
52	8	/tmp/scheduleurm_critical_gpu_completion/critical_gpu_completion_v7_node007_r01_20260803_hybrid_rl_resac_ant_p5_code2bd8999a5dc3/critical_gpu_completion_v7_node007_r01_20260803_hybrid_rl_resac_ant_p5_code2bd8999a5dc3_profile_5_per_gpu_gpu3_17/checkpoints/latest_checkpoint.pkl
24116450	47104	/tmp/scheduleurm_critical_gpu_completion/critical_gpu_completion_v7_node007_r01_20260803_hybrid_rl_resac_ant_p5_code2bd8999a5dc3/critical_gpu_completion_v7_node007_r01_20260803_hybrid_rl_resac_ant_p5_code2bd8999a5dc3_profile_5_per_gpu_gpu3_17/checkpoints/iter_0000039/params.pkl
37569731	73384	/tmp/scheduleurm_critical_gpu_completion/critical_gpu_completion_v7_node007_r01_20260803_hybrid_rl_resac_ant_p5_code2bd8999a5dc3/critical_gpu_completion_v7_node007_r01_20260803_hybrid_rl_resac_ant_p5_code2bd8999a5dc3_profile_5_per_gpu_gpu3_17/checkpoints/iter_0000039/replay_buffer.npz
3208	8	/tmp/scheduleurm_critical_gpu_completion/critical_gpu_completion_v7_node007_r01_20260803_hybrid_rl_resac_ant_p5_code2bd8999a5dc3/critical_gpu_completion_v7_node007_r01_20260803_hybrid_rl_resac_ant_p5_code2bd8999a5dc3_profile_5_per_gpu_gpu3_17/checkpoints/iter_0000039/train_state.pkl
152	8	/tmp/scheduleurm_critical_gpu_completion/critical_gpu_completion_v7_node007_r01_20260803_hybrid_rl_resac_ant_p5_code2bd8999a5dc3/critical_gpu_completion_v7_node007_r01_20260803_hybrid_rl_resac_ant_p5_code2bd8999a5dc3_profile_5_per_gpu_gpu3_18/logs/train_reward_mean.npy
152	8	/tmp/scheduleurm_critical_gpu_completion/critical_gpu_completion_v7_node007_r01_20260803_hybrid_rl_resac_ant_p5_code2bd8999a5dc3/critical_gpu_completion_v7_node007_r01_20260803_hybrid_rl_resac_ant_p5_code2bd8999a5dc3_profile_5_per_gpu_gpu3_18/logs/train_reward_std.npy
192	8	/tmp/scheduleurm_critical_gpu_completion/critical_gpu_completion_v7_node007_r01_20260803_hybrid_rl_resac_ant_p5_code2bd8999a5dc3/critical_gpu_completion_v7_node007_r01_20260803_hybrid_rl_resac_ant_p5_code2bd8999a5dc3_profile_5_per_gpu_gpu3_18/logs/eval_reward.npy
192	8	/tmp/scheduleurm_critical_gpu_completion/critical_gpu_completion_v7_node007_r01_20260803_hybrid_rl_resac_ant_p5_code2bd8999a5dc3/critical_gpu_completion_v7_node007_r01_20260803_hybrid_rl_resac_ant_p5_code2bd8999a5dc3_profile_5_per_gpu_gpu3_18/logs/eval_reward_std.npy
448	8	/tmp/scheduleurm_critical_gpu_completion/critical_gpu_completion_v7_node007_r01_20260803_hybrid_rl_resac_ant_p5_code2bd8999a5dc3/critical_gpu_completion_v7_node007_r01_20260803_hybrid_rl_resac_ant_p5_code2bd8999a5dc3_profile_5_per_gpu_gpu3_18/logs/total_steps.npy
448	8	/tmp/scheduleurm_critical_gpu_completion/critical_gpu_completion_v7_node007_r01_20260803_hybrid_rl_resac_ant_p5_code2bd8999a5dc3/critical_gpu_completion_v7_node007_r01_20260803_hybrid_rl_resac_ant_p5_code2bd8999a5dc3_profile_5_per_gpu_gpu3_18/logs/iteration.npy
448	8	/tmp/scheduleurm_critical_gpu_completion/critical_gpu_completion_v7_node007_r01_20260803_hybrid_rl_resac_ant_p5_code2bd8999a5dc3/critical_gpu_completion_v7_node007_r01_20260803_hybrid_rl_resac_ant_p5_code2bd8999a5dc3_profile_5_per_gpu_gpu3_18/logs/mode_id.npy
432	8	/tmp/scheduleurm_critical_gpu_completion/critical_gpu_completion_v7_node007_r01_20260803_hybrid_rl_resac_ant_p5_code2bd8999a5dc3/critical_gpu_completion_v7_node007_r01_20260803_hybrid_rl_resac_ant_p5_code2bd8999a5dc3_profile_5_per_gpu_gpu3_18/logs/critic_loss.npy
432	8	/tmp/scheduleurm_critical_gpu_completion/critical_gpu_completion_v7_node007_r01_20260803_hybrid_rl_resac_ant_p5_code2bd8999a5dc3/critical_gpu_completion_v7_node007_r01_20260803_hybrid_rl_resac_ant_p5_code2bd8999a5dc3_profile_5_per_gpu_gpu3_18/logs/policy_loss.npy
432	8	/tmp/scheduleurm_critical_gpu_completion/critical_gpu_completion_v7_node007_r01_20260803_hybrid_rl_resac_ant_p5_code2bd8999a5dc3/critical_gpu_completion_v7_node007_r01_20260803_hybrid_rl_resac_ant_p5_code2bd8999a5dc3_profile_5_per_gpu_gpu3_18/logs/alpha.npy
432	8	/tmp/scheduleurm_critical_gpu_completion/critical_gpu_completion_v7_node007_r01_20260803_hybrid_rl_resac_ant_p5_code2bd8999a5dc3/critical_gpu_completion_v7_node007_r01_20260803_hybrid_rl_resac_ant_p5_code2bd8999a5dc3_profile_5_per_gpu_gpu3_18/logs/q_mean.npy
432	8	/tmp/scheduleurm_critical_gpu_completion/critical_gpu_completion_v7_node007_r01_20260803_hybrid_rl_resac_ant_p5_code2bd8999a5dc3/critical_gpu_completion_v7_node007_r01_20260803_hybrid_rl_resac_ant_p5_code2bd8999a5dc3_profile_5_per_gpu_gpu3_18/logs/q_std_mean.npy
432	8	/tmp/scheduleurm_critical_gpu_completion/critical_gpu_completion_v7_node007_r01_20260803_hybrid_rl_resac_ant_p5_code2bd8999a5dc3/critical_gpu_completion_v7_node007_r01_20260803_hybrid_rl_resac_ant_p5_code2bd8999a5dc3_profile_5_per_gpu_gpu3_18/logs/log_prob.npy
432	8	/tmp/scheduleurm_critical_gpu_completion/critical_gpu_completion_v7_node007_r01_20260803_hybrid_rl_resac_ant_p5_code2bd8999a5dc3/critical_gpu_completion_v7_node007_r01_20260803_hybrid_rl_resac_ant_p5_code2bd8999a5dc3_profile_5_per_gpu_gpu3_18/logs/beta_lcb.npy
24116414	47104	/tmp/scheduleurm_critical_gpu_completion/critical_gpu_completion_v7_node007_r01_20260803_hybrid_rl_resac_ant_p5_code2bd8999a5dc3/critical_gpu_completion_v7_node007_r01_20260803_hybrid_rl_resac_ant_p5_code2bd8999a5dc3_profile_5_per_gpu_gpu3_18/checkpoints/iter_0000019/params.pkl
18795473	36712	/tmp/scheduleurm_critical_gpu_completion/critical_gpu_completion_v7_node007_r01_20260803_hybrid_rl_resac_ant_p5_code2bd8999a5dc3/critical_gpu_completion_v7_node007_r01_20260803_hybrid_rl_resac_ant_p5_code2bd8999a5dc3_profile_5_per_gpu_gpu3_18/checkpoints/iter_0000019/replay_buffer.npz
1696	8	/tmp/scheduleurm_critical_gpu_completion/critical_gpu_completion_v7_node007_r01_20260803_hybrid_rl_resac_ant_p5_code2bd8999a5dc3/critical_gpu_completion_v7_node007_r01_20260803_hybrid_rl_resac_ant_p5_code2bd8999a5dc3_profile_5_per_gpu_gpu3_18/checkpoints/iter_0000019/train_state.pkl
52	8	/tmp/scheduleurm_critical_gpu_completion/critical_gpu_completion_v7_node007_r01_20260803_hybrid_rl_resac_ant_p5_code2bd8999a5dc3/critical_gpu_completion_v7_node007_r01_20260803_hybrid_rl_resac_ant_p5_code2bd8999a5dc3_profile_5_per_gpu_gpu3_18/checkpoints/latest_checkpoint.pkl
24116450	47104	/tmp/scheduleurm_critical_gpu_completion/critical_gpu_completion_v7_node007_r01_20260803_hybrid_rl_resac_ant_p5_code2bd8999a5dc3/critical_gpu_completion_v7_node007_r01_20260803_hybrid_rl_resac_ant_p5_code2bd8999a5dc3_profile_5_per_gpu_gpu3_18/checkpoints/iter_0000039/params.pkl
37578309	73400	/tmp/scheduleurm_critical_gpu_completion/critical_gpu_completion_v7_node007_r01_20260803_hybrid_rl_resac_ant_p5_code2bd8999a5dc3/critical_gpu_completion_v7_node007_r01_20260803_hybrid_rl_resac_ant_p5_code2bd8999a5dc3_profile_5_per_gpu_gpu3_18/checkpoints/iter_0000039/replay_buffer.npz
3208	8	/tmp/scheduleurm_critical_gpu_completion/critical_gpu_completion_v7_node007_r01_20260803_hybrid_rl_resac_ant_p5_code2bd8999a5dc3/critical_gpu_completion_v7_node007_r01_20260803_hybrid_rl_resac_ant_p5_code2bd8999a5dc3_profile_5_per_gpu_gpu3_18/checkpoints/iter_0000039/train_state.pkl
160	8	/tmp/scheduleurm_critical_gpu_completion/critical_gpu_completion_v7_node007_r01_20260803_hybrid_rl_resac_ant_p5_code2bd8999a5dc3/critical_gpu_completion_v7_node007_r01_20260803_hybrid_rl_resac_ant_p5_code2bd8999a5dc3_profile_5_per_gpu_gpu3_19/logs/train_reward_mean.npy
160	8	/tmp/scheduleurm_critical_gpu_completion/critical_gpu_completion_v7_node007_r01_20260803_hybrid_rl_resac_ant_p5_code2bd8999a5dc3/critical_gpu_completion_v7_node007_r01_20260803_hybrid_rl_resac_ant_p5_code2bd8999a5dc3_profile_5_per_gpu_gpu3_19/logs/train_reward_std.npy
192	8	/tmp/scheduleurm_critical_gpu_completion/critical_gpu_completion_v7_node007_r01_20260803_hybrid_rl_resac_ant_p5_code2bd8999a5dc3/critical_gpu_completion_v7_node007_r01_20260803_hybrid_rl_resac_ant_p5_code2bd8999a5dc3_profile_5_per_gpu_gpu3_19/logs/eval_reward.npy
192	8	/tmp/scheduleurm_critical_gpu_completion/critical_gpu_completion_v7_node007_r01_20260803_hybrid_rl_resac_ant_p5_code2bd8999a5dc3/critical_gpu_completion_v7_node007_r01_20260803_hybrid_rl_resac_ant_p5_code2bd8999a5dc3_profile_5_per_gpu_gpu3_19/logs/eval_reward_std.npy
448	8	/tmp/scheduleurm_critical_gpu_completion/critical_gpu_completion_v7_node007_r01_20260803_hybrid_rl_resac_ant_p5_code2bd8999a5dc3/critical_gpu_completion_v7_node007_r01_20260803_hybrid_rl_resac_ant_p5_code2bd8999a5dc3_profile_5_per_gpu_gpu3_19/logs/total_steps.npy
448	8	/tmp/scheduleurm_critical_gpu_completion/critical_gpu_completion_v7_node007_r01_20260803_hybrid_rl_resac_ant_p5_code2bd8999a5dc3/critical_gpu_completion_v7_node007_r01_20260803_hybrid_rl_resac_ant_p5_code2bd8999a5dc3_profile_5_per_gpu_gpu3_19/logs/iteration.npy
448	8	/tmp/scheduleurm_critical_gpu_completion/critical_gpu_completion_v7_node007_r01_20260803_hybrid_rl_resac_ant_p5_code2bd8999a5dc3/critical_gpu_completion_v7_node007_r01_20260803_hybrid_rl_resac_ant_p5_code2bd8999a5dc3_profile_5_per_gpu_gpu3_19/logs/mode_id.npy
432	8	/tmp/scheduleurm_critical_gpu_completion/critical_gpu_completion_v7_node007_r01_20260803_hybrid_rl_resac_ant_p5_code2bd8999a5dc3/critical_gpu_completion_v7_node007_r01_20260803_hybrid_rl_resac_ant_p5_code2bd8999a5dc3_profile_5_per_gpu_gpu3_19/logs/critic_loss.npy
432	8	/tmp/scheduleurm_critical_gpu_completion/critical_gpu_completion_v7_node007_r01_20260803_hybrid_rl_resac_ant_p5_code2bd8999a5dc3/critical_gpu_completion_v7_node007_r01_20260803_hybrid_rl_resac_ant_p5_code2bd8999a5dc3_profile_5_per_gpu_gpu3_19/logs/policy_loss.npy
432	8	/tmp/scheduleurm_critical_gpu_completion/critical_gpu_completion_v7_node007_r01_20260803_hybrid_rl_resac_ant_p5_code2bd8999a5dc3/critical_gpu_completion_v7_node007_r01_20260803_hybrid_rl_resac_ant_p5_code2bd8999a5dc3_profile_5_per_gpu_gpu3_19/logs/alpha.npy
432	8	/tmp/scheduleurm_critical_gpu_completion/critical_gpu_completion_v7_node007_r01_20260803_hybrid_rl_resac_ant_p5_code2bd8999a5dc3/critical_gpu_completion_v7_node007_r01_20260803_hybrid_rl_resac_ant_p5_code2bd8999a5dc3_profile_5_per_gpu_gpu3_19/logs/q_mean.npy
432	8	/tmp/scheduleurm_critical_gpu_completion/critical_gpu_completion_v7_node007_r01_20260803_hybrid_rl_resac_ant_p5_code2bd8999a5dc3/critical_gpu_completion_v7_node007_r01_20260803_hybrid_rl_resac_ant_p5_code2bd8999a5dc3_profile_5_per_gpu_gpu3_19/logs/q_std_mean.npy
432	8	/tmp/scheduleurm_critical_gpu_completion/critical_gpu_completion_v7_node007_r01_20260803_hybrid_rl_resac_ant_p5_code2bd8999a5dc3/critical_gpu_completion_v7_node007_r01_20260803_hybrid_rl_resac_ant_p5_code2bd8999a5dc3_profile_5_per_gpu_gpu3_19/logs/log_prob.npy
432	8	/tmp/scheduleurm_critical_gpu_completion/critical_gpu_completion_v7_node007_r01_20260803_hybrid_rl_resac_ant_p5_code2bd8999a5dc3/critical_gpu_completion_v7_node007_r01_20260803_hybrid_rl_resac_ant_p5_code2bd8999a5dc3_profile_5_per_gpu_gpu3_19/logs/beta_lcb.npy
24116414	47104	/tmp/scheduleurm_critical_gpu_completion/critical_gpu_completion_v7_node007_r01_20260803_hybrid_rl_resac_ant_p5_code2bd8999a5dc3/critical_gpu_completion_v7_node007_r01_20260803_hybrid_rl_resac_ant_p5_code2bd8999a5dc3_profile_5_per_gpu_gpu3_19/checkpoints/iter_0000019/params.pkl
18791999	36704	/tmp/scheduleurm_critical_gpu_completion/critical_gpu_completion_v7_node007_r01_20260803_hybrid_rl_resac_ant_p5_code2bd8999a5dc3/critical_gpu_completion_v7_node007_r01_20260803_hybrid_rl_resac_ant_p5_code2bd8999a5dc3_profile_5_per_gpu_gpu3_19/checkpoints/iter_0000019/replay_buffer.npz
1714	8	/tmp/scheduleurm_critical_gpu_completion/critical_gpu_completion_v7_node007_r01_20260803_hybrid_rl_resac_ant_p5_code2bd8999a5dc3/critical_gpu_completion_v7_node007_r01_20260803_hybrid_rl_resac_ant_p5_code2bd8999a5dc3_profile_5_per_gpu_gpu3_19/checkpoints/iter_0000019/train_state.pkl
52	8	/tmp/scheduleurm_critical_gpu_completion/critical_gpu_completion_v7_node007_r01_20260803_hybrid_rl_resac_ant_p5_code2bd8999a5dc3/critical_gpu_completion_v7_node007_r01_20260803_hybrid_rl_resac_ant_p5_code2bd8999a5dc3_profile_5_per_gpu_gpu3_19/checkpoints/latest_checkpoint.pkl
24116450	47104	/tmp/scheduleurm_critical_gpu_completion/critical_gpu_completion_v7_node007_r01_20260803_hybrid_rl_resac_ant_p5_code2bd8999a5dc3/critical_gpu_completion_v7_node007_r01_20260803_hybrid_rl_resac_ant_p5_code2bd8999a5dc3_profile_5_per_gpu_gpu3_19/checkpoints/iter_0000039/params.pkl
37573277	73392	/tmp/scheduleurm_critical_gpu_completion/critical_gpu_completion_v7_node007_r01_20260803_hybrid_rl_resac_ant_p5_code2bd8999a5dc3/critical_gpu_completion_v7_node007_r01_20260803_hybrid_rl_resac_ant_p5_code2bd8999a5dc3_profile_5_per_gpu_gpu3_19/checkpoints/iter_0000039/replay_buffer.npz
3226	8	/tmp/scheduleurm_critical_gpu_completion/critical_gpu_completion_v7_node007_r01_20260803_hybrid_rl_resac_ant_p5_code2bd8999a5dc3/critical_gpu_completion_v7_node007_r01_20260803_hybrid_rl_resac_ant_p5_code2bd8999a5dc3_profile_5_per_gpu_gpu3_19/checkpoints/iter_0000039/train_state.pkl
